Table QS802EW																					
2011 Census: Age of arrival in UK, local authorities in England and Wales																					
																					
England and Wales																					
Constituent Countries; Regions, counties, London boroughs, unitary																					
authorities and districts in England; unitary authorities in Wales																					
																					
All usual residents 																					
																					
																					
Area code	Area name			All categories: Age of arrival in the UK	Born in the UK	Age of arrival in the UK: 0 to 4	Age of arrival in the UK: 5 to 7	Age of arrival in the UK: 8 to 9	Age of arrival in the UK: 10 to 14	Age of arrival in the UK: 15	Age of arrival in the UK: 16 to 17	Age of arrival in the UK: 18 to 19	Age of arrival in the UK: 20 to 24	Age of arrival in the UK: 25 to 29	Age of arrival in the UK: 30 to 44	Age of arrival in the UK: 45 to 59	Age of arrival in the UK: 60 to 64	Age of arrival in the UK: 65 to 74	Age of arrival in the UK: 75 to 84	Age of arrival in the UK: 85 to 89	Age of arrival in the UK: 90 and over
				Persons	Persons	Persons	Persons	Persons	Persons	Persons	Persons	Persons	Persons	Persons	Persons	Persons	Persons	Persons	Persons	Persons	Persons
				Number	Percentage	Percentage	Percentage	Percentage	Percentage	Percentage	Percentage	Percentage	Percentage	Percentage	Percentage	Percentage	Percentage	Percentage	Percentage	Percentage	Percentage
																					
K04000001	ENGLAND AND WALES			56,075,912	86.6	1.7	0.6	0.4	0.9	0.2	0.6	1.0	2.8	2.3	2.3	0.5	0.1	0.1	0.0	0.0	0.0
																					
E92000001	ENGLAND			53,012,456	86.2	1.7	0.6	0.4	1.0	0.2	0.6	1.0	2.9	2.3	2.4	0.5	0.1	0.1	0.0	0.0	0.0
																					
E12000001	NORTH EAST			2,596,886	95.0	0.9	0.2	0.1	0.3	0.1	0.2	0.4	1.0	0.8	0.8	0.1	0.0	0.0	0.0	0.0	0.0
	 																				
E06000047		County Durham UA		513,242	96.8	0.7	0.2	0.1	0.2	0.0	0.1	0.2	0.5	0.5	0.5	0.1	0.0	0.0	0.0	0.0	0.0
E06000005		Darlington UA		105,564	94.8	1.2	0.3	0.2	0.4	0.1	0.2	0.3	0.8	0.7	0.8	0.2	0.0	0.0	0.0	0.0	0.0
E06000001		Hartlepool UA		92,028	97.2	0.6	0.2	0.1	0.2	0.0	0.1	0.1	0.4	0.4	0.5	0.1	0.0	0.0	0.0	0.0	0.0
E06000002		Middlesbrough UA		138,412	91.8	1.1	0.4	0.2	0.5	0.1	0.4	0.7	1.9	1.3	1.4	0.2	0.0	0.0	0.0	0.0	0.0
E06000048		Northumberland UA		316,028	97.2	0.8	0.2	0.1	0.2	0.0	0.1	0.1	0.4	0.4	0.4	0.1	0.0	0.0	0.0	0.0	0.0
E06000003		Redcar and Cleveland UA		135,177	97.8	0.7	0.1	0.1	0.2	0.0	0.1	0.1	0.3	0.2	0.3	0.1	0.0	0.0	0.0	0.0	0.0
E06000004		Stockton-on-Tees UA		191,610	95.4	1.0	0.3	0.1	0.3	0.1	0.2	0.3	0.8	0.6	0.7	0.1	0.0	0.0	0.0	0.0	0.0
																					
E11000004		Tyne and Wear (Met County)		1,104,825	93.5	1.0	0.3	0.2	0.4	0.1	0.3	0.5	1.4	1.0	1.1	0.2	0.0	0.0	0.0	0.0	0.0
E08000020			Gateshead	200,214	95.1	0.8	0.2	0.1	0.3	0.1	0.2	0.3	1.0	0.9	0.8	0.1	0.0	0.0	0.0	0.0	0.0
E08000021			Newcastle upon Tyne	280,177	86.6	1.6	0.6	0.4	0.8	0.2	0.7	1.1	3.3	2.1	2.2	0.3	0.0	0.0	0.0	0.0	0.0
E08000022			North Tyneside	200,801	96.0	0.8	0.2	0.1	0.3	0.1	0.1	0.2	0.6	0.6	0.7	0.1	0.0	0.0	0.0	0.0	0.0
E08000023			South Tyneside	148,127	96.6	0.7	0.2	0.1	0.2	0.0	0.1	0.2	0.5	0.5	0.6	0.1	0.0	0.0	0.0	0.0	0.0
E08000024			Sunderland	275,506	95.9	0.7	0.2	0.1	0.2	0.1	0.2	0.3	0.9	0.6	0.6	0.1	0.0	0.0	0.0	0.0	0.0
																					
E12000002	NORTH WEST 			7,052,177	91.8	1.2	0.4	0.2	0.6	0.1	0.4	0.6	1.7	1.3	1.3	0.3	0.0	0.0	0.0	0.0	0.0
																					
E06000008		Blackburn with Darwen UA		147,489	85.2	1.6	0.6	0.5	1.2	0.3	1.0	1.5	3.5	2.2	1.9	0.4	0.0	0.1	0.0	0.0	0.0
E06000009		Blackpool UA		142,065	94.6	1.0	0.3	0.2	0.3	0.1	0.2	0.3	1.0	0.9	0.9	0.2	0.0	0.0	0.0	0.0	0.0
E06000049		Cheshire East UA		370,127	94.5	1.1	0.3	0.2	0.3	0.1	0.2	0.3	0.9	0.8	1.0	0.2	0.0	0.0	0.0	0.0	0.0
E06000050		Cheshire West and Chester UA		329,608	95.1	1.0	0.3	0.1	0.3	0.1	0.2	0.3	0.9	0.7	0.8	0.2	0.0	0.0	0.0	0.0	0.0
E06000006		Halton UA		125,746	97.3	0.7	0.2	0.1	0.2	0.0	0.1	0.2	0.5	0.3	0.4	0.1	0.0	0.0	0.0	0.0	0.0
E06000007		Warrington UA		202,228	94.3	1.0	0.3	0.2	0.3	0.1	0.2	0.3	1.1	1.0	1.0	0.2	0.0	0.0	0.0	0.0	0.0
																					
E10000006		Cumbria 		499,858	96.3	0.8	0.2	0.1	0.2	0.1	0.1	0.2	0.6	0.5	0.6	0.2	0.0	0.0	0.0	0.0	0.0
E07000026			Allerdale	96,422	97.3	0.6	0.2	0.1	0.2	0.0	0.1	0.1	0.5	0.4	0.4	0.1	0.0	0.0	0.0	0.0	0.0
E07000027			Barrow-in-Furness	69,087	97.1	0.7	0.2	0.1	0.2	0.0	0.1	0.1	0.4	0.4	0.5	0.1	0.0	0.0	0.0	0.0	0.0
E07000028			Carlisle	107,524	95.1	1.0	0.2	0.1	0.3	0.1	0.2	0.3	0.9	0.7	0.8	0.2	0.0	0.0	0.0	0.0	0.0
E07000029			Copeland	70,603	97.1	0.7	0.2	0.1	0.2	0.1	0.1	0.1	0.4	0.4	0.4	0.1	0.0	0.0	0.0	0.0	0.0
E07000030			Eden	52,564	96.6	0.9	0.2	0.1	0.1	0.0	0.1	0.2	0.6	0.5	0.5	0.1	0.0	0.0	0.0	0.0	0.0
E07000031			South Lakeland	103,658	95.2	1.0	0.2	0.1	0.3	0.1	0.2	0.2	0.9	0.7	0.7	0.2	0.0	0.0	0.0	0.0	0.0
																					
E11000001		Greater Manchester (Met County)		2,682,528	88.0	1.5	0.6	0.4	0.9	0.2	0.6	1.0	2.5	1.9	2.0	0.4	0.0	0.0	0.0	0.0	0.0
E08000001			Bolton	276,786	88.7	1.4	0.6	0.4	1.0	0.2	0.6	1.0	2.3	1.6	1.7	0.3	0.0	0.1	0.0	0.0	0.0
E08000002			Bury	185,060	91.3	1.4	0.5	0.3	0.7	0.2	0.4	0.6	1.7	1.3	1.4	0.3	0.0	0.0	0.0	0.0	0.0
E08000003			Manchester	503,127	74.7	2.7	1.2	0.7	1.7	0.5	1.4	2.2	5.4	4.2	4.4	0.8	0.1	0.1	0.0	0.0	0.0
E08000004			Oldham 	224,897	88.2	1.6	0.7	0.4	1.1	0.2	0.6	1.1	2.5	1.6	1.6	0.3	0.0	0.1	0.0	0.0	0.0
E08000005			Rochdale	211,699	88.9	1.5	0.6	0.4	1.0	0.2	0.5	0.9	2.3	1.6	1.7	0.3	0.0	0.0	0.0	0.0	0.0
E08000006			Salford	233,933	88.3	1.4	0.5	0.3	0.7	0.2	0.5	0.9	2.6	2.1	2.0	0.4	0.0	0.0	0.0	0.0	0.0
E08000007			Stockport	283,275	93.2	1.1	0.4	0.2	0.5	0.1	0.3	0.5	1.3	1.0	1.1	0.2	0.0	0.0	0.0	0.0	0.0
E08000008			Tameside	219,324	93.0	1.1	0.4	0.3	0.6	0.1	0.3	0.5	1.3	1.0	1.1	0.2	0.0	0.0	0.0	0.0	0.0
E08000009			Trafford	226,578	88.8	1.6	0.6	0.3	0.8	0.2	0.5	0.8	2.1	1.8	1.9	0.3	0.0	0.1	0.0	0.0	0.0
E08000010			Wigan	317,849	96.5	0.6	0.2	0.1	0.2	0.1	0.1	0.2	0.6	0.5	0.6	0.1	0.0	0.0	0.0	0.0	0.0
																					
E10000017		Lancashire 		1,171,339	93.5	1.1	0.3	0.2	0.5	0.1	0.3	0.6	1.4	0.9	0.9	0.2	0.0	0.0	0.0	0.0	0.0
E07000117			Burnley	87,059	92.3	1.2	0.4	0.3	0.6	0.1	0.4	0.6	1.5	1.1	1.1	0.2	0.0	0.0	0.0	0.0	0.0
E07000118			Chorley	107,155	96.3	0.8	0.2	0.1	0.3	0.1	0.2	0.2	0.6	0.5	0.5	0.1	0.0	0.0	0.0	0.0	0.0
E07000119			Fylde	75,757	95.0	1.2	0.3	0.1	0.4	0.1	0.2	0.3	0.8	0.7	0.7	0.1	0.0	0.0	0.0	0.0	0.0
E07000120			Hyndburn	80,734	92.8	1.1	0.3	0.2	0.5	0.1	0.3	0.7	1.6	1.0	0.9	0.2	0.0	0.0	0.0	0.0	0.0
E07000121			Lancaster	138,375	92.7	1.2	0.3	0.2	0.5	0.1	0.5	0.8	1.4	0.9	1.1	0.2	0.0	0.0	0.0	0.0	0.0
E07000122			Pendle	89,452	89.1	1.5	0.5	0.3	0.9	0.2	0.6	1.1	2.5	1.5	1.3	0.3	0.0	0.0	0.0	0.0	0.0
E07000123			Preston	140,202	86.6	1.5	0.6	0.4	0.9	0.3	0.7	1.3	3.4	2.0	1.8	0.4	0.0	0.0	0.0	0.0	0.0
E07000124			Ribble Valley	57,132	96.4	0.8	0.2	0.1	0.4	0.1	0.2	0.2	0.6	0.5	0.4	0.1	0.0	0.0	0.0	0.0	0.0
E07000125			Rossendale	67,982	95.4	0.9	0.3	0.2	0.4	0.1	0.2	0.3	0.8	0.6	0.6	0.1	0.0	0.0	0.0	0.0	0.0
E07000126			South Ribble	109,057	96.2	0.9	0.2	0.1	0.3	0.1	0.1	0.2	0.7	0.5	0.5	0.1	0.0	0.0	0.0	0.0	0.0
E07000127			West Lancashire	110,685	96.1	0.7	0.2	0.1	0.2	0.0	0.1	0.3	0.8	0.5	0.7	0.2	0.0	0.0	0.0	0.0	0.0
E07000128			Wyre	107,749	96.7	0.7	0.2	0.1	0.3	0.1	0.3	0.2	0.5	0.4	0.4	0.1	0.0	0.0	0.0	0.0	0.0
																					
E11000002		Merseyside (Met County)		1,381,189	94.3	0.9	0.3	0.2	0.3	0.1	0.3	0.4	1.2	0.9	1.0	0.2	0.0	0.0	0.0	0.0	0.0
E08000011			Knowsley 	145,893	97.7	0.5	0.1	0.1	0.1	0.0	0.1	0.1	0.4	0.3	0.4	0.1	0.0	0.0	0.0	0.0	0.0
E08000012			Liverpool	466,415	90.1	1.1	0.4	0.2	0.6	0.2	0.5	0.9	2.3	1.7	1.7	0.3	0.0	0.0	0.0	0.0	0.0
E08000014			Sefton	273,790	95.8	0.8	0.2	0.1	0.3	0.1	0.2	0.3	0.8	0.6	0.6	0.2	0.0	0.0	0.0	0.0	0.0
E08000013			St. Helens	175,308	97.3	0.6	0.1	0.1	0.2	0.0	0.1	0.2	0.5	0.4	0.4	0.1	0.0	0.0	0.0	0.0	0.0
E08000015			Wirral	319,783	96.0	0.9	0.2	0.1	0.3	0.0	0.2	0.2	0.6	0.6	0.7	0.1	0.0	0.0	0.0	0.0	0.0
																					
E12000003	YORKSHIRE AND THE HUMBER			5,283,733	91.2	1.3	0.4	0.3	0.6	0.2	0.4	0.7	1.8	1.3	1.4	0.3	0.0	0.0	0.0	0.0	0.0
																					
E06000011		East Riding of Yorkshire UA		334,179	96.1	0.9	0.2	0.1	0.2	0.0	0.1	0.2	0.6	0.5	0.6	0.1	0.0	0.0	0.0	0.0	0.0
E06000010		Kingston upon Hull, City of UA		256,406	91.5	1.0	0.3	0.2	0.5	0.1	0.4	0.6	2.0	1.5	1.5	0.3	0.0	0.0	0.0	0.0	0.0
E06000012		North East Lincolnshire UA		159,616	95.6	0.9	0.2	0.1	0.3	0.1	0.2	0.3	0.8	0.6	0.8	0.2	0.0	0.0	0.0	0.0	0.0
E06000013		North Lincolnshire UA		167,446	93.5	1.1	0.3	0.2	0.4	0.1	0.3	0.4	1.3	1.0	1.1	0.2	0.0	0.0	0.0	0.0	0.0
E06000014		York UA		198,051	90.8	1.5	0.4	0.2	0.6	0.1	0.4	0.8	2.1	1.4	1.4	0.2	0.0	0.0	0.0	0.0	0.0
																					
E10000023		North Yorkshire 		598,376	94.1	1.4	0.3	0.2	0.4	0.1	0.2	0.3	0.9	0.8	1.0	0.2	0.0	0.0	0.0	0.0	0.0
E07000163			Craven	55,409	95.9	0.9	0.3	0.1	0.3	0.1	0.2	0.2	0.7	0.6	0.6	0.2	0.0	0.0	0.0	0.0	0.0
E07000164			Hambleton	89,140	95.5	1.5	0.3	0.2	0.3	0.1	0.1	0.2	0.6	0.5	0.6	0.1	0.0	0.0	0.0	0.0	0.0
E07000165			Harrogate	157,869	91.2	1.8	0.5	0.3	0.6	0.1	0.3	0.4	1.3	1.2	1.7	0.4	0.1	0.0	0.0	0.0	0.0
E07000166			Richmondshire	51,965	91.6	2.4	0.5	0.3	0.6	0.1	0.2	0.6	1.4	1.0	0.9	0.2	0.1	0.1	0.0	0.0	0.0
E07000167			Ryedale	51,751	95.8	0.9	0.2	0.2	0.4	0.1	0.2	0.2	0.6	0.5	0.6	0.2	0.0	0.0	0.0	0.0	0.0
E07000168			Scarborough	108,793	95.1	1.1	0.3	0.2	0.3	0.1	0.2	0.3	0.8	0.6	0.8	0.2	0.0	0.0	0.0	0.0	0.0
E07000169			Selby	83,449	95.8	0.9	0.2	0.2	0.3	0.1	0.1	0.2	0.8	0.6	0.7	0.1	0.0	0.0	0.0	0.0	0.0
																					
E11000003		South Yorkshire (Met County)		1,343,601	92.2	1.1	0.4	0.2	0.6	0.1	0.4	0.6	1.6	1.2	1.2	0.2	0.0	0.0	0.0	0.0	0.0
E08000016			Barnsley	231,221	96.6	0.7	0.2	0.1	0.2	0.0	0.1	0.2	0.6	0.5	0.6	0.1	0.0	0.0	0.0	0.0	0.0
E08000017			Doncaster	302,402	93.8	1.0	0.3	0.2	0.4	0.1	0.3	0.4	1.3	1.0	1.0	0.2	0.0	0.0	0.0	0.0	0.0
E08000018			Rotherham 	257,280	94.9	0.8	0.3	0.2	0.4	0.1	0.2	0.4	0.9	0.7	0.8	0.2	0.0	0.0	0.0	0.0	0.0
E08000019			Sheffield	552,698	88.3	1.5	0.6	0.4	0.9	0.2	0.6	1.0	2.6	1.8	1.8	0.3	0.0	0.1	0.0	0.0	0.0
																					
E11000006		West Yorkshire (Met County)		2,226,058	88.6	1.5	0.5	0.4	0.9	0.2	0.6	1.0	2.5	1.7	1.7	0.3	0.0	0.0	0.0	0.0	0.0
E08000032			Bradford	522,452	82.8	2.1	0.8	0.6	1.4	0.3	0.9	1.7	3.9	2.5	2.4	0.5	0.1	0.1	0.0	0.0	0.0
E08000033			Calderdale	203,826	92.5	1.2	0.4	0.2	0.6	0.1	0.4	0.6	1.6	1.0	1.0	0.2	0.0	0.0	0.0	0.0	0.0
E08000034			Kirklees 	422,458	89.2	1.4	0.5	0.4	0.9	0.2	0.6	1.0	2.5	1.5	1.4	0.3	0.0	0.1	0.0	0.0	0.0
E08000035			Leeds	751,485	88.5	1.5	0.5	0.3	0.8	0.2	0.6	0.9	2.4	1.9	1.8	0.3	0.0	0.0	0.0	0.0	0.0
E08000036			Wakefield	325,837	94.6	0.8	0.2	0.2	0.3	0.1	0.2	0.3	1.1	0.9	0.9	0.2	0.0	0.0	0.0	0.0	0.0
																					
E12000004	EAST MIDLANDS			4,533,222	90.1	1.4	0.5	0.3	0.7	0.2	0.5	0.7	2.0	1.4	1.6	0.4	0.0	0.0	0.0	0.0	0.0
																					
E06000015		Derby UA		248,752	86.1	1.6	0.7	0.5	1.2	0.3	0.7	1.1	3.0	2.1	2.3	0.5	0.1	0.1	0.0	0.0	0.0
E06000016		Leicester UA		329,839	66.4	3.0	1.6	1.1	2.9	0.7	1.8	2.7	7.0	4.9	5.8	1.6	0.2	0.2	0.0	0.0	0.0
E06000018		Nottingham UA		305,680	80.5	1.9	0.8	0.6	1.4	0.4	1.2	1.9	4.4	3.1	3.1	0.6	0.0	0.1	0.0	0.0	0.0
E06000017		Rutland UA		37,369	93.6	1.7	0.4	0.2	0.7	0.1	0.3	0.3	0.9	0.7	0.7	0.2	0.1	0.0	0.0	0.0	0.0
																					
E10000007		Derbyshire 		769,686	96.7	0.7	0.2	0.1	0.2	0.1	0.1	0.2	0.5	0.4	0.5	0.1	0.0	0.0	0.0	0.0	0.0
E07000032			Amber Valley	122,309	97.0	0.7	0.2	0.1	0.2	0.0	0.1	0.2	0.5	0.4	0.5	0.1	0.0	0.0	0.0	0.0	0.0
E07000033			Bolsover	75,866	97.0	0.6	0.1	0.1	0.2	0.0	0.1	0.2	0.5	0.4	0.5	0.2	0.0	0.0	0.0	0.0	0.0
E07000034			Chesterfield	103,788	96.2	0.7	0.2	0.1	0.3	0.0	0.2	0.2	0.6	0.6	0.7	0.1	0.0	0.0	0.0	0.0	0.0
E07000035			Derbyshire Dales	71,116	96.7	0.9	0.2	0.1	0.3	0.0	0.1	0.2	0.5	0.4	0.5	0.1	0.0	0.0	0.0	0.0	0.0
E07000036			Erewash	112,081	96.4	0.8	0.2	0.1	0.3	0.1	0.2	0.2	0.6	0.4	0.5	0.1	0.0	0.0	0.0	0.0	0.0
E07000037			High Peak	90,892	96.4	0.8	0.2	0.1	0.3	0.1	0.2	0.2	0.6	0.5	0.5	0.1	0.0	0.0	0.0	0.0	0.0
E07000038			North East Derbyshire	99,023	97.6	0.6	0.2	0.1	0.2	0.0	0.1	0.1	0.4	0.3	0.4	0.1	0.0	0.0	0.0	0.0	0.0
E07000039			South Derbyshire	94,611	96.1	0.9	0.3	0.1	0.3	0.1	0.2	0.2	0.7	0.5	0.5	0.1	0.0	0.0	0.0	0.0	0.0
																					
E10000018		Leicestershire 		650,489	92.8	1.2	0.4	0.3	0.6	0.2	0.4	0.6	1.4	0.9	1.0	0.2	0.0	0.0	0.0	0.0	0.0
E07000129			Blaby	93,915	93.4	1.0	0.4	0.2	0.6	0.1	0.3	0.5	1.3	0.9	0.8	0.2	0.0	0.0	0.0	0.0	0.0
E07000130			Charnwood	166,100	89.6	1.5	0.6	0.3	0.9	0.3	0.7	1.0	2.2	1.3	1.4	0.3	0.0	0.0	0.0	0.0	0.0
E07000131			Harborough	85,382	94.6	1.2	0.3	0.2	0.5	0.1	0.3	0.3	0.9	0.6	0.7	0.2	0.0	0.0	0.0	0.0	0.0
E07000132			Hinckley and Bosworth	105,078	95.9	0.9	0.3	0.1	0.3	0.1	0.2	0.3	0.7	0.6	0.6	0.1	0.0	0.0	0.0	0.0	0.0
E07000133			Melton	50,376	94.9	1.2	0.3	0.1	0.4	0.1	0.2	0.3	1.0	0.6	0.7	0.2	0.0	0.0	0.0	0.0	0.0
E07000134			North West Leicestershire	93,468	96.1	0.9	0.2	0.1	0.3	0.1	0.1	0.2	0.7	0.5	0.7	0.1	0.0	0.0	0.0	0.0	0.0
E07000135			Oadby and Wigston	56,170	84.9	2.0	1.0	0.7	1.7	0.4	0.9	1.3	2.7	1.8	2.1	0.4	0.1	0.1	0.0	0.0	0.0
																					
E10000019		Lincolnshire		713,653	92.9	1.4	0.3	0.2	0.4	0.1	0.3	0.4	1.3	1.0	1.2	0.4	0.0	0.0	0.0	0.0	0.0
E07000136			Boston	64,637	84.9	1.6	0.5	0.3	0.7	0.2	0.5	1.0	3.3	2.4	3.4	1.1	0.0	0.0	0.0	0.0	0.0
E07000137			East Lindsey	136,401	96.3	0.9	0.2	0.1	0.3	0.1	0.1	0.2	0.6	0.4	0.6	0.2	0.0	0.0	0.0	0.0	0.0
E07000138			Lincoln	93,541	90.2	1.8	0.4	0.2	0.6	0.1	0.4	0.6	2.0	1.4	1.6	0.5	0.0	0.0	0.0	0.0	0.0
E07000139			North Kesteven	107,766	94.8	1.8	0.3	0.2	0.3	0.1	0.2	0.2	0.7	0.5	0.7	0.2	0.0	0.0	0.0	0.0	0.0
E07000140			South Holland	88,270	90.4	1.2	0.4	0.2	0.5	0.1	0.3	0.7	2.2	1.5	1.8	0.6	0.0	0.0	0.0	0.0	0.0
E07000141			South Kesteven	133,788	93.2	1.6	0.4	0.2	0.4	0.1	0.2	0.4	1.1	0.9	1.2	0.3	0.0	0.0	0.0	0.0	0.0
E07000142			West Lindsey	89,250	95.9	1.2	0.3	0.1	0.3	0.0	0.1	0.2	0.5	0.4	0.6	0.1	0.0	0.0	0.0	0.0	0.0
																					
E10000021		Northamptonshire		691,952	89.2	1.6	0.5	0.3	0.7	0.2	0.5	0.7	2.2	1.7	1.9	0.4	0.0	0.0	0.0	0.0	0.0
E07000150			Corby	61,255	86.9	1.7	0.6	0.3	0.8	0.1	0.4	0.9	3.1	2.2	2.4	0.5	0.0	0.0	0.0	0.0	0.0
E07000151			Daventry	77,843	94.0	1.3	0.4	0.2	0.4	0.1	0.2	0.4	1.1	0.8	1.0	0.2	0.0	0.0	0.0	0.0	0.0
E07000152			East Northamptonshire	86,765	93.9	1.2	0.4	0.2	0.5	0.1	0.3	0.4	0.9	0.8	1.0	0.3	0.0	0.0	0.0	0.0	0.0
E07000153			Kettering	93,475	91.5	1.4	0.4	0.2	0.5	0.1	0.3	0.5	1.6	1.4	1.5	0.3	0.0	0.0	0.0	0.0	0.0
E07000154			Northampton	212,069	83.7	2.0	0.7	0.4	1.1	0.3	0.8	1.2	3.5	2.8	2.8	0.7	0.1	0.0	0.0	0.0	0.0
E07000155			South Northamptonshire	85,189	94.2	1.4	0.3	0.2	0.4	0.1	0.2	0.4	0.9	0.7	0.9	0.2	0.0	0.0	0.0	0.0	0.0
E07000156			Wellingborough	75,356	87.6	1.6	0.6	0.4	0.9	0.2	0.6	0.9	2.6	1.9	2.1	0.5	0.0	0.0	0.0	0.0	0.0
																					
E10000024		Nottinghamshire 		785,802	94.6	1.0	0.3	0.2	0.4	0.1	0.2	0.4	1.1	0.8	0.8	0.2	0.0	0.0	0.0	0.0	0.0
E07000170			Ashfield	119,497	97.0	0.6	0.2	0.1	0.2	0.0	0.1	0.2	0.6	0.4	0.5	0.1	0.0	0.0	0.0	0.0	0.0
E07000171			Bassetlaw	112,863	95.3	0.9	0.2	0.1	0.3	0.1	0.1	0.2	0.8	0.7	0.8	0.2	0.0	0.0	0.0	0.0	0.0
E07000172			Broxtowe	109,487	92.3	1.3	0.3	0.2	0.5	0.1	0.3	0.6	1.5	1.3	1.3	0.2	0.0	0.0	0.0	0.0	0.0
E07000173			Gedling	113,543	94.4	1.0	0.3	0.2	0.4	0.1	0.3	0.4	1.2	0.8	0.8	0.1	0.0	0.0	0.0	0.0	0.0
E07000174			Mansfield	104,466	94.4	0.9	0.3	0.1	0.3	0.1	0.2	0.4	1.3	0.8	0.9	0.3	0.0	0.0	0.0	0.0	0.0
E07000175			Newark and Sherwood	114,817	95.1	1.0	0.3	0.2	0.3	0.1	0.2	0.3	0.9	0.7	0.7	0.2	0.0	0.0	0.0	0.0	0.0
E07000176			Rushcliffe	111,129	93.5	1.3	0.4	0.2	0.5	0.1	0.3	0.4	1.1	0.9	1.0	0.1	0.0	0.0	0.0	0.0	0.0
																					
E12000005	WEST MIDLANDS			5,601,847	88.8	1.4	0.6	0.4	0.9	0.2	0.6	0.9	2.4	1.7	1.7	0.3	0.0	0.0	0.0	0.0	0.0
																					
E06000019		Herefordshire, County of UA		183,477	93.3	1.2	0.3	0.2	0.4	0.1	0.2	0.4	1.3	1.1	1.1	0.3	0.0	0.0	0.0	0.0	0.0
E06000051		Shropshire UA		306,129	95.3	1.1	0.3	0.2	0.4	0.1	0.2	0.3	0.7	0.6	0.7	0.2	0.0	0.0	0.0	0.0	0.0
E06000021		Stoke-on-Trent UA		249,008	91.7	1.0	0.4	0.2	0.6	0.1	0.4	0.6	1.9	1.4	1.3	0.2	0.0	0.0	0.0	0.0	0.0
E06000020		Telford and Wrekin UA		166,641	92.7	1.3	0.4	0.2	0.5	0.1	0.3	0.4	1.5	1.1	1.1	0.2	0.0	0.0	0.0	0.0	0.0
																					
E10000028		Staffordshire 		848,489	95.5	0.8	0.2	0.1	0.3	0.1	0.2	0.3	0.9	0.7	0.7	0.1	0.0	0.0	0.0	0.0	0.0
E07000192			Cannock Chase	97,462	97.5	0.6	0.1	0.1	0.2	0.1	0.1	0.2	0.5	0.3	0.4	0.0	0.0	0.0	0.0	0.0	0.0
E07000193			East Staffordshire	113,583	91.3	1.2	0.4	0.2	0.6	0.2	0.3	0.7	2.0	1.5	1.3	0.3	0.0	0.0	0.0	0.0	0.0
E07000194			Lichfield	100,654	96.2	0.8	0.2	0.1	0.3	0.1	0.2	0.2	0.7	0.5	0.5	0.1	0.0	0.0	0.0	0.0	0.0
E07000195			Newcastle-under-Lyme	123,871	95.0	0.8	0.3	0.1	0.4	0.1	0.3	0.5	1.0	0.7	0.7	0.1	0.0	0.0	0.0	0.0	0.0
E07000196			South Staffordshire	108,131	97.2	0.6	0.2	0.1	0.3	0.0	0.1	0.2	0.5	0.4	0.3	0.1	0.0	0.0	0.0	0.0	0.0
E07000197			Stafford	130,869	93.9	1.2	0.3	0.2	0.4	0.1	0.2	0.4	1.2	0.9	0.9	0.2	0.0	0.0	0.0	0.0	0.0
E07000198			Staffordshire Moorlands	97,106	97.7	0.6	0.1	0.1	0.1	0.0	0.1	0.1	0.4	0.3	0.3	0.1	0.0	0.0	0.0	0.0	0.0
E07000199			Tamworth	76,813	96.3	0.7	0.2	0.1	0.3	0.1	0.2	0.2	0.8	0.5	0.5	0.1	0.0	0.0	0.0	0.0	0.0
																					
E10000031		Warwickshire		545,474	91.7	1.3	0.4	0.3	0.6	0.1	0.4	0.7	1.7	1.3	1.3	0.3	0.0	0.0	0.0	0.0	0.0
E07000218			North Warwickshire	62,014	97.1	0.6	0.2	0.1	0.2	0.1	0.2	0.2	0.5	0.4	0.4	0.0	0.0	0.0	0.0	0.0	0.0
E07000219			Nuneaton and Bedworth	125,252	93.2	1.0	0.3	0.2	0.6	0.1	0.3	0.5	1.4	1.0	1.0	0.2	0.0	0.0	0.0	0.0	0.0
E07000220			Rugby	100,075	88.3	1.6	0.5	0.4	0.8	0.2	0.5	0.9	2.5	1.9	2.0	0.4	0.1	0.1	0.0	0.0	0.0
E07000221			Stratford-on-Avon	120,485	93.8	1.3	0.3	0.2	0.4	0.1	0.2	0.5	1.1	0.9	1.0	0.3	0.0	0.0	0.0	0.0	0.0
E07000222			Warwick	137,648	88.4	1.6	0.5	0.3	0.8	0.2	0.7	1.1	2.4	1.8	1.7	0.3	0.0	0.0	0.0	0.0	0.0
																					
E11000005		West Midlands (Met County)		2,736,460	83.4	1.8	0.9	0.6	1.5	0.4	0.9	1.5	3.6	2.5	2.5	0.5	0.1	0.1	0.0	0.0	0.0
E08000025			Birmingham	1,073,045	77.8	2.5	1.2	0.8	2.0	0.5	1.2	1.9	4.7	3.2	3.3	0.6	0.1	0.1	0.0	0.0	0.0
E08000026			Coventry	316,960	78.8	2.1	0.9	0.6	1.5	0.4	1.3	2.2	5.0	3.4	3.1	0.5	0.1	0.1	0.0	0.0	0.0
E08000027			Dudley 	312,925	94.7	0.7	0.3	0.2	0.5	0.1	0.3	0.4	1.1	0.8	0.8	0.1	0.0	0.0	0.0	0.0	0.0
E08000028			Sandwell 	308,063	84.1	1.6	0.7	0.5	1.5	0.4	0.8	1.3	3.4	2.4	2.5	0.6	0.1	0.1	0.0	0.0	0.0
E08000029			Solihull	206,674	92.6	1.2	0.5	0.3	0.6	0.2	0.4	0.5	1.3	1.1	1.1	0.2	0.0	0.0	0.0	0.0	0.0
E08000030			Walsall	269,323	90.1	1.2	0.5	0.4	0.9	0.2	0.5	0.9	2.1	1.5	1.4	0.3	0.0	0.1	0.0	0.0	0.0
E08000031			Wolverhampton	249,470	83.6	1.3	0.8	0.6	1.5	0.4	0.9	1.5	3.8	2.6	2.5	0.5	0.1	0.1	0.0	0.0	0.0
																					
E10000034		Worcestershire 		566,169	94.2	1.0	0.3	0.2	0.4	0.1	0.3	0.4	1.2	0.9	0.8	0.2	0.0	0.0	0.0	0.0	0.0
E07000234			Bromsgrove	93,637	96.0	0.8	0.2	0.1	0.4	0.1	0.3	0.3	0.6	0.5	0.5	0.1	0.0	0.0	0.0	0.0	0.0
E07000235			Malvern Hills	74,631	95.0	1.1	0.3	0.1	0.6	0.2	0.4	0.2	0.7	0.5	0.6	0.2	0.0	0.0	0.0	0.0	0.0
E07000236			Redditch	84,214	92.0	1.1	0.3	0.2	0.5	0.1	0.3	0.6	1.9	1.4	1.1	0.3	0.0	0.0	0.0	0.0	0.0
E07000237			Worcester	98,768	91.8	1.3	0.4	0.2	0.5	0.1	0.3	0.7	1.8	1.3	1.2	0.2	0.0	0.0	0.0	0.0	0.0
E07000238			Wychavon	116,944	94.4	1.0	0.3	0.2	0.3	0.1	0.2	0.4	1.2	0.9	0.8	0.2	0.0	0.0	0.0	0.0	0.0
E07000239			Wyre Forest	97,975	96.1	0.8	0.2	0.1	0.3	0.1	0.2	0.3	0.7	0.5	0.6	0.1	0.0	0.0	0.0	0.0	0.0
																					
E12000006	EAST			5,846,965	89.0	1.6	0.5	0.3	0.7	0.2	0.5	0.8	2.2	1.8	1.9	0.4	0.0	0.0	0.0	0.0	0.0
																					
E06000055		Bedford UA		157,479	82.4	2.2	0.9	0.6	1.5	0.3	0.8	1.3	3.6	2.8	2.8	0.6	0.1	0.1	0.0	0.0	0.0
E06000056		Central Bedfordshire UA		254,381	92.1	1.4	0.4	0.2	0.6	0.1	0.3	0.5	1.6	1.2	1.3	0.2	0.0	0.0	0.0	0.0	0.0
E06000032		Luton UA		203,201	69.1	3.0	1.3	0.9	2.4	0.6	1.5	2.8	7.6	5.1	4.7	0.9	0.1	0.1	0.0	0.0	0.0
E06000031		Peterborough UA		183,631	79.4	2.6	0.9	0.6	1.4	0.3	0.8	1.5	4.3	3.3	3.6	1.0	0.1	0.1	0.0	0.0	0.0
E06000033		Southend-on-Sea UA		173,658	90.1	1.4	0.5	0.3	0.7	0.2	0.4	0.6	1.8	1.6	1.9	0.4	0.0	0.0	0.0	0.0	0.0
E06000034		Thurrock UA		157,705	88.0	1.3	0.5	0.3	0.8	0.2	0.5	0.7	2.6	2.3	2.3	0.3	0.0	0.0	0.0	0.0	0.0
																					
E10000003		Cambridgeshire 		621,210	86.2	2.0	0.6	0.3	0.7	0.2	0.6	0.9	2.7	2.5	2.7	0.5	0.0	0.0	0.0	0.0	0.0
E07000008			Cambridge	123,867	70.6	2.8	0.9	0.5	1.4	0.4	1.7	2.6	6.5	6.0	5.5	0.8	0.1	0.1	0.0	0.0	0.0
E07000009			East Cambridgeshire	83,818	90.2	1.7	0.5	0.3	0.6	0.1	0.3	0.5	1.7	1.7	2.0	0.4	0.0	0.1	0.0	0.0	0.0
E07000010			Fenland	95,262	91.4	1.2	0.4	0.2	0.5	0.1	0.3	0.6	1.8	1.3	1.7	0.5	0.0	0.0	0.0	0.0	0.0
E07000011			Huntingdonshire	169,508	90.4	1.9	0.5	0.3	0.6	0.1	0.3	0.5	1.7	1.5	1.8	0.4	0.0	0.0	0.0	0.0	0.0
E07000012			South Cambridgeshire	148,755	88.9	2.0	0.6	0.3	0.6	0.1	0.4	0.5	1.9	2.0	2.3	0.4	0.0	0.0	0.0	0.0	0.0
																					
E10000012		Essex 		1,393,587	92.8	1.2	0.4	0.2	0.5	0.1	0.3	0.5	1.4	1.1	1.2	0.2	0.0	0.0	0.0	0.0	0.0
E07000066			Basildon	174,497	92.8	1.1	0.3	0.2	0.5	0.1	0.3	0.4	1.4	1.3	1.4	0.2	0.0	0.0	0.0	0.0	0.0
E07000067			Braintree	147,084	94.1	1.0	0.3	0.2	0.4	0.1	0.2	0.4	1.2	0.9	1.0	0.2	0.0	0.0	0.0	0.0	0.0
E07000068			Brentwood	73,601	91.7	1.4	0.4	0.2	0.5	0.1	0.3	0.5	1.5	1.4	1.5	0.3	0.0	0.0	0.0	0.0	0.0
E07000069			Castle Point	88,011	96.4	0.8	0.2	0.1	0.3	0.1	0.2	0.3	0.6	0.4	0.5	0.1	0.0	0.0	0.0	0.0	0.0
E07000070			Chelmsford	168,310	92.4	1.2	0.4	0.2	0.5	0.1	0.3	0.5	1.6	1.2	1.3	0.2	0.0	0.0	0.0	0.0	0.0
E07000071			Colchester	173,074	88.8	1.8	0.5	0.3	0.7	0.1	0.6	1.1	2.3	1.6	1.7	0.3	0.0	0.0	0.0	0.0	0.0
E07000072			Epping Forest	124,659	90.9	1.3	0.4	0.3	0.6	0.2	0.5	0.6	2.0	1.5	1.4	0.2	0.0	0.0	0.0	0.0	0.0
E07000073			Harlow	81,944	88.4	1.4	0.5	0.3	0.7	0.2	0.5	0.7	2.4	2.1	2.3	0.4	0.0	0.0	0.0	0.0	0.0
E07000074			Maldon	61,629	96.1	0.9	0.3	0.1	0.2	0.1	0.2	0.2	0.7	0.5	0.6	0.1	0.0	0.0	0.0	0.0	0.0
E07000075			Rochford	83,287	96.4	0.8	0.2	0.1	0.3	0.1	0.2	0.3	0.6	0.5	0.5	0.1	0.0	0.0	0.0	0.0	0.0
E07000076			Tendring	138,048	95.7	0.9	0.2	0.2	0.3	0.1	0.2	0.3	0.7	0.5	0.6	0.2	0.0	0.0	0.0	0.0	0.0
E07000077			Uttlesford	79,443	92.7	1.6	0.4	0.2	0.5	0.1	0.3	0.4	1.2	1.0	1.3	0.3	0.0	0.0	0.0	0.0	0.0
																					
E10000015		Hertfordshire		1,116,062	86.6	1.8	0.6	0.4	0.9	0.2	0.6	1.0	2.9	2.3	2.2	0.4	0.0	0.0	0.0	0.0	0.0
E07000095			Broxbourne	93,609	88.2	1.5	0.6	0.4	0.9	0.2	0.6	1.0	2.7	1.8	1.8	0.3	0.0	0.0	0.0	0.0	0.0
E07000096			Dacorum	144,847	89.4	1.7	0.6	0.3	0.7	0.2	0.4	0.7	2.0	1.8	1.8	0.3	0.0	0.0	0.0	0.0	0.0
E07000097			East Hertfordshire	137,687	92.0	1.3	0.4	0.2	0.5	0.1	0.4	0.5	1.6	1.3	1.3	0.3	0.0	0.0	0.0	0.0	0.0
E07000098			Hertsmere	100,031	83.0	1.9	0.8	0.5	1.3	0.3	0.9	1.2	3.6	2.8	3.0	0.6	0.1	0.1	0.0	0.0	0.0
E07000099			North Hertfordshire	127,114	89.8	1.6	0.5	0.3	0.7	0.2	0.5	0.7	2.0	1.7	1.6	0.3	0.0	0.1	0.0	0.0	0.0
E07000100			St Albans	140,664	86.5	2.0	0.7	0.4	0.8	0.2	0.5	1.0	2.8	2.3	2.4	0.4	0.0	0.0	0.0	0.0	0.0
E07000101			Stevenage	83,957	88.2	1.5	0.5	0.3	0.8	0.2	0.5	0.8	2.4	2.2	2.1	0.4	0.0	0.1	0.0	0.0	0.0
E07000102			Three Rivers	87,317	86.1	1.9	0.7	0.5	1.1	0.3	0.7	1.0	2.7	2.1	2.2	0.5	0.1	0.1	0.0	0.0	0.0
E07000103			Watford	90,301	75.3	2.7	1.1	0.7	1.7	0.4	1.1	1.8	5.4	4.6	4.3	0.7	0.1	0.1	0.0	0.0	0.0
E07000104			Welwyn Hatfield	110,535	82.8	1.8	0.7	0.4	1.1	0.3	0.9	1.6	4.4	2.9	2.5	0.4	0.1	0.0	0.0	0.0	0.0
																					
E10000020		Norfolk		857,888	92.8	1.3	0.4	0.2	0.5	0.1	0.3	0.5	1.3	1.0	1.3	0.3	0.0	0.0	0.0	0.0	0.0
E07000143			Breckland	130,491	91.3	1.6	0.4	0.2	0.5	0.1	0.3	0.5	1.5	1.1	1.7	0.5	0.0	0.0	0.0	0.0	0.0
E07000144			Broadland	124,646	95.8	1.0	0.3	0.1	0.3	0.1	0.1	0.2	0.6	0.5	0.7	0.2	0.0	0.0	0.0	0.0	0.0
E07000145			Great Yarmouth	97,277	93.5	1.0	0.3	0.2	0.6	0.1	0.2	0.4	1.1	0.9	1.3	0.3	0.0	0.0	0.0	0.0	0.0
E07000146			Kingâ€™s Lynn and West Norfolk	147,451	92.3	1.3	0.4	0.2	0.5	0.1	0.2	0.5	1.5	1.0	1.5	0.4	0.0	0.0	0.0	0.0	0.0
E07000147			North Norfolk	101,499	95.9	1.0	0.3	0.1	0.3	0.1	0.2	0.2	0.7	0.5	0.6	0.2	0.0	0.0	0.0	0.0	0.0
E07000148			Norwich	132,512	87.1	1.8	0.5	0.3	0.7	0.1	0.6	1.2	2.8	2.2	2.3	0.3	0.0	0.0	0.0	0.0	0.0
E07000149			South Norfolk	124,012	95.1	1.2	0.3	0.2	0.3	0.1	0.2	0.2	0.8	0.7	0.7	0.2	0.0	0.0	0.0	0.0	0.0
																					
E10000029		Suffolk		728,163	91.8	1.5	0.4	0.3	0.5	0.1	0.3	0.5	1.5	1.3	1.5	0.4	0.0	0.0	0.0	0.0	0.0
E07000200			Babergh	87,740	95.0	1.2	0.3	0.2	0.4	0.1	0.2	0.3	0.8	0.6	0.7	0.2	0.0	0.0	0.0	0.0	0.0
E07000201			Forest Heath	59,748	77.0	3.0	1.0	0.6	1.2	0.2	0.4	1.3	4.9	4.1	5.0	1.1	0.1	0.1	0.0	0.0	0.0
E07000202			Ipswich	133,384	88.2	1.6	0.6	0.4	0.8	0.2	0.5	0.8	2.3	2.0	2.2	0.5	0.0	0.0	0.0	0.0	0.0
E07000203			Mid Suffolk	96,731	95.3	1.3	0.3	0.2	0.3	0.1	0.2	0.2	0.7	0.5	0.7	0.2	0.0	0.0	0.0	0.0	0.0
E07000204			St Edmundsbury	111,008	91.5	1.5	0.4	0.3	0.6	0.1	0.3	0.5	1.5	1.3	1.5	0.3	0.0	0.0	0.0	0.0	0.0
E07000205			Suffolk Coastal	124,298	93.9	1.4	0.4	0.2	0.5	0.1	0.2	0.3	0.9	0.8	1.0	0.2	0.0	0.0	0.0	0.0	0.0
E07000206			Waveney	115,254	96.2	0.8	0.2	0.1	0.3	0.1	0.2	0.2	0.6	0.5	0.6	0.2	0.0	0.0	0.0	0.0	0.0
																					
E12000007	LONDON			8,173,941	63.3	3.2	1.4	1.0	2.5	0.6	1.6	2.5	8.1	7.1	6.9	1.3	0.2	0.2	0.0	0.0	0.0
																					
E13000001		Inner London		3,231,901	57.8	3.4	1.5	1.0	2.6	0.7	1.9	2.9	9.5	8.7	8.1	1.5	0.2	0.2	0.0	0.0	0.0
E09000007			Camden	220,338	57.5	3.7	1.4	0.8	2.2	0.6	2.1	3.3	8.9	8.8	8.5	1.6	0.2	0.2	0.1	0.0	0.0
E09000001			City of London	7,375	63.3	2.6	0.8	0.5	1.5	0.5	2.0	2.5	8.5	8.6	7.3	1.4	0.2	0.2	0.0	0.0	0.0
E09000012			Hackney	246,270	60.9	3.2	1.6	1.0	2.7	0.7	1.8	2.8	8.9	7.8	7.2	1.2	0.1	0.1	0.0	0.0	0.0
E09000013			Hammersmith and Fulham	182,493	57.2	3.6	1.4	0.9	2.3	0.6	1.7	2.5	9.6	9.7	8.6	1.5	0.2	0.2	0.0	0.0	0.0
E09000014			Haringey	254,926	55.4	3.7	1.7	1.1	2.8	0.7	2.0	3.1	10.2	8.8	8.7	1.4	0.2	0.2	0.0	0.0	0.0
E09000019			Islington	206,125	64.6	2.8	1.1	0.8	2.0	0.5	1.8	2.8	8.4	7.7	6.2	0.9	0.1	0.1	0.0	0.0	0.0
E09000020			Kensington and Chelsea	158,649	48.4	4.2	1.5	1.0	2.5	0.6	2.2	2.9	9.5	10.6	13.0	2.9	0.3	0.2	0.1	0.0	0.0
E09000022			Lambeth	303,086	61.1	3.1	1.4	1.0	2.6	0.7	1.6	2.5	9.1	8.1	7.2	1.2	0.1	0.1	0.0	0.0	0.0
E09000023			Lewisham	275,885	66.3	2.9	1.4	1.0	2.5	0.7	1.6	2.3	7.5	6.5	6.2	1.0	0.1	0.1	0.0	0.0	0.0
E09000025			Newham	307,984	46.3	4.2	2.1	1.4	3.7	0.9	2.2	3.8	13.0	10.3	9.9	1.9	0.2	0.2	0.1	0.0	0.0
E09000028			Southwark	288,283	60.6	2.9	1.3	0.9	2.5	0.7	1.8	2.7	9.1	8.3	7.7	1.3	0.2	0.2	0.0	0.0	0.0
E09000030			Tower Hamlets	254,096	56.9	3.8	1.7	1.1	2.9	0.7	2.1	3.6	10.1	8.9	6.8	1.1	0.2	0.2	0.0	0.0	0.0
E09000032			Wandsworth	306,995	64.6	3.2	1.2	0.8	1.9	0.4	1.2	2.0	8.6	8.2	6.4	1.1	0.1	0.1	0.0	0.0	0.0
E09000033			Westminster	219,396	46.7	3.8	1.6	1.1	2.7	0.7	2.4	3.4	10.5	11.4	12.0	2.9	0.4	0.3	0.1	0.0	0.0
																					
E13000002		Outer London		4,942,040	66.9	3.1	1.4	0.9	2.4	0.6	1.5	2.3	7.2	6.0	6.2	1.2	0.2	0.2	0.0	0.0	0.0
E09000002			Barking and Dagenham	185,911	69.1	3.2	1.4	0.9	2.2	0.6	1.3	1.9	6.4	5.7	6.2	1.0	0.1	0.1	0.0	0.0	0.0
E09000003			Barnet	356,386	61.1	3.6	1.6	1.0	2.6	0.6	1.8	2.7	8.4	6.9	7.6	1.5	0.2	0.2	0.1	0.0	0.0
E09000004			Bexley	231,997	85.9	1.6	0.7	0.4	1.1	0.3	0.7	1.0	2.8	2.3	2.6	0.4	0.1	0.1	0.0	0.0	0.0
E09000005			Brent	311,215	44.9	4.1	2.2	1.5	4.0	1.0	2.6	3.9	12.1	10.1	10.5	2.4	0.3	0.3	0.1	0.0	0.0
E09000006			Bromley	309,392	85.5	1.8	0.7	0.4	1.0	0.2	0.6	0.9	2.9	2.7	2.6	0.5	0.1	0.1	0.0	0.0	0.0
E09000008			Croydon	363,378	70.4	2.8	1.4	1.0	2.5	0.6	1.4	1.9	6.0	5.2	5.4	1.1	0.1	0.1	0.0	0.0	0.0
E09000009			Ealing	338,449	51.8	3.8	1.9	1.2	3.2	0.8	2.0	3.2	10.8	9.1	9.5	2.0	0.3	0.3	0.1	0.0	0.0
E09000010			Enfield	312,466	64.9	3.3	1.8	1.2	3.0	0.8	2.0	2.7	7.4	5.7	5.9	1.0	0.1	0.2	0.0	0.0	0.0
E09000011			Greenwich	254,557	69.0	2.8	1.2	0.8	2.1	0.5	1.4	2.1	6.5	6.1	6.1	1.1	0.2	0.2	0.0	0.0	0.0
E09000015			Harrow	239,056	55.2	4.0	2.0	1.4	3.6	0.9	2.4	3.2	9.1	7.2	8.2	2.1	0.4	0.4	0.1	0.0	0.0
E09000016			Havering	237,232	89.7	1.2	0.5	0.3	0.8	0.2	0.5	0.8	2.1	1.7	1.8	0.3	0.0	0.0	0.0	0.0	0.0
E09000017			Hillingdon	273,936	70.0	2.9	1.3	0.9	2.3	0.6	1.6	2.2	6.4	5.1	5.1	1.1	0.2	0.2	0.0	0.0	0.0
E09000018			Hounslow	253,957	56.7	3.7	1.6	1.1	2.8	0.7	1.8	2.7	10.0	8.5	8.2	1.7	0.2	0.3	0.1	0.0	0.0
E09000021			Kingston upon Thames	160,060	71.7	3.0	1.2	0.8	1.9	0.4	1.3	2.0	5.6	4.8	5.6	1.2	0.1	0.2	0.0	0.0	0.0
E09000024			Merton	199,693	62.2	3.1	1.3	0.9	2.2	0.5	1.3	2.3	9.1	8.0	7.3	1.4	0.2	0.2	0.0	0.0	0.0
E09000026			Redbridge	278,970	63.1	3.9	1.8	1.1	2.8	0.6	1.7	2.7	8.2	6.5	6.1	1.1	0.2	0.2	0.0	0.0	0.0
E09000027			Richmond upon Thames	186,990	75.7	3.2	1.1	0.6	1.3	0.3	0.8	1.3	4.5	4.5	5.4	1.0	0.1	0.1	0.0	0.0	0.0
E09000029			Sutton	190,146	80.1	2.0	0.9	0.5	1.3	0.3	0.9	1.3	4.2	3.7	3.9	0.7	0.1	0.1	0.0	0.0	0.0
E09000031			Waltham Forest	258,249	61.4	3.1	1.6	1.0	2.7	0.7	1.8	2.9	9.5	7.3	6.6	1.2	0.1	0.1	0.0	0.0	0.0
																					
E12000008	SOUTH EAST			8,634,750	87.9	1.9	0.6	0.4	0.8	0.2	0.5	0.8	2.3	1.9	2.1	0.5	0.1	0.1	0.0	0.0	0.0
																					
E06000036		Bracknell Forest UA		113,205	86.8	2.1	0.6	0.4	0.9	0.2	0.5	0.7	2.4	2.1	2.6	0.5	0.1	0.1	0.0	0.0	0.0
E06000043		Brighton and Hove UA		273,369	84.3	2.0	0.6	0.4	1.0	0.3	1.0	1.5	3.5	2.6	2.4	0.5	0.1	0.1	0.0	0.0	0.0
E06000046		Isle of Wight UA		138,265	94.8	1.2	0.3	0.2	0.4	0.1	0.2	0.3	0.8	0.6	0.9	0.2	0.0	0.0	0.0	0.0	0.0
E06000035		Medway UA		263,925	89.6	1.7	0.5	0.4	0.8	0.2	0.5	0.7	2.0	1.5	1.7	0.3	0.0	0.0	0.0	0.0	0.0
E06000042		Milton Keynes UA		248,821	81.5	2.5	0.9	0.6	1.2	0.3	0.7	1.0	3.5	3.3	3.6	0.7	0.1	0.1	0.0	0.0	0.0
E06000044		Portsmouth UA		205,056	87.8	2.1	0.6	0.4	0.9	0.2	0.6	1.1	2.5	1.8	1.8	0.3	0.0	0.0	0.0	0.0	0.0
E06000038		Reading UA		155,698	75.2	2.5	0.9	0.6	1.5	0.4	1.1	1.7	5.4	4.9	4.8	1.0	0.1	0.1	0.0	0.0	0.0
E06000039		Slough UA		140,205	61.0	3.8	1.7	1.1	2.8	0.7	1.7	2.7	8.9	7.0	6.7	1.5	0.2	0.2	0.1	0.0	0.0
E06000045		Southampton UA		236,882	82.4	2.0	0.7	0.4	1.1	0.2	0.9	1.5	3.9	3.1	3.0	0.6	0.0	0.1	0.0	0.0	0.0
E06000037		West Berkshire UA		153,822	91.0	1.7	0.5	0.3	0.6	0.2	0.3	0.5	1.5	1.4	1.5	0.4	0.0	0.0	0.0	0.0	0.0
E06000040		Windsor and Maidenhead UA		144,560	82.6	2.6	1.0	0.5	1.1	0.2	0.6	1.0	3.2	2.9	3.4	0.7	0.1	0.1	0.0	0.0	0.0
E06000041		Wokingham UA		154,380	87.7	2.3	0.7	0.4	0.8	0.2	0.4	0.7	2.1	2.0	2.3	0.4	0.0	0.0	0.0	0.0	0.0
																					
E10000002		Buckinghamshire 		505,283	87.1	2.1	0.7	0.4	1.0	0.2	0.6	0.9	2.5	1.9	2.1	0.5	0.1	0.1	0.0	0.0	0.0
E07000004			Aylesbury Vale	174,137	89.2	1.9	0.5	0.3	0.8	0.2	0.5	0.7	2.1	1.6	1.7	0.4	0.0	0.0	0.0	0.0	0.0
E07000005			Chiltern	92,635	88.9	2.1	0.6	0.4	0.7	0.2	0.4	0.6	1.9	1.7	1.9	0.4	0.0	0.1	0.0	0.0	0.0
E07000006			South Bucks	66,867	84.5	2.4	0.9	0.5	1.3	0.3	0.7	1.1	2.8	2.1	2.6	0.7	0.1	0.1	0.0	0.0	0.0
E07000007			Wycombe	171,644	85.0	2.2	0.7	0.5	1.2	0.3	0.7	1.1	3.0	2.3	2.4	0.5	0.1	0.1	0.0	0.0	0.0
																					
E10000011		East Sussex 		526,671	91.9	1.4	0.5	0.3	0.6	0.1	0.4	0.5	1.4	1.1	1.4	0.4	0.1	0.0	0.0	0.0	0.0
E07000061			Eastbourne	99,412	88.0	1.6	0.6	0.4	0.9	0.2	0.5	0.7	2.3	1.8	2.2	0.6	0.1	0.1	0.0	0.0	0.0
E07000062			Hastings	90,254	91.3	1.3	0.4	0.3	0.6	0.1	0.4	0.6	1.6	1.4	1.6	0.4	0.0	0.0	0.0	0.0	0.0
E07000063			Lewes	97,502	92.5	1.4	0.4	0.2	0.5	0.1	0.3	0.5	1.3	1.0	1.3	0.3	0.1	0.0	0.0	0.0	0.0
E07000064			Rother	90,588	93.6	1.3	0.4	0.2	0.5	0.1	0.4	0.4	1.0	0.7	1.0	0.3	0.1	0.0	0.0	0.0	0.0
E07000065			Wealden	148,915	93.2	1.5	0.4	0.2	0.5	0.1	0.3	0.4	1.0	0.8	1.1	0.3	0.0	0.0	0.0	0.0	0.0
																					
E10000014		Hampshire 		1,317,788	91.6	1.9	0.5	0.3	0.6	0.1	0.3	0.4	1.3	1.1	1.4	0.3	0.0	0.1	0.0	0.0	0.0
E07000084			Basingstoke and Deane	167,799	89.3	1.8	0.5	0.3	0.7	0.1	0.4	0.6	2.1	1.9	1.9	0.4	0.0	0.0	0.0	0.0	0.0
E07000085			East Hampshire	115,608	91.7	2.1	0.6	0.3	0.6	0.1	0.3	0.4	1.2	1.0	1.4	0.4	0.0	0.0	0.0	0.0	0.0
E07000086			Eastleigh	125,199	92.6	1.6	0.4	0.3	0.6	0.1	0.3	0.4	1.2	1.1	1.2	0.2	0.0	0.0	0.0	0.0	0.0
E07000087			Fareham	111,581	94.4	1.7	0.3	0.2	0.4	0.1	0.2	0.3	0.8	0.7	0.8	0.2	0.0	0.0	0.0	0.0	0.0
E07000088			Gosport	82,622	93.9	1.9	0.3	0.2	0.4	0.1	0.2	0.3	0.8	0.8	0.8	0.2	0.0	0.0	0.0	0.0	0.0
E07000089			Hart	91,033	90.4	2.3	0.6	0.3	0.6	0.1	0.3	0.5	1.4	1.4	1.6	0.3	0.0	0.0	0.0	0.0	0.0
E07000090			Havant	120,684	94.9	1.4	0.4	0.2	0.4	0.1	0.2	0.2	0.7	0.6	0.7	0.2	0.0	0.0	0.0	0.0	0.0
E07000091			New Forest	176,462	94.0	1.4	0.4	0.2	0.4	0.1	0.2	0.3	0.9	0.7	0.9	0.3	0.0	0.0	0.0	0.0	0.0
E07000092			Rushmoor	93,807	82.4	2.6	0.8	0.5	1.5	0.3	0.7	1.1	2.8	2.3	3.3	1.0	0.3	0.3	0.0	0.0	0.0
E07000093			Test Valley	116,398	91.7	2.2	0.5	0.3	0.6	0.1	0.2	0.4	1.2	1.1	1.3	0.3	0.0	0.0	0.0	0.0	0.0
E07000094			Winchester	116,595	91.1	2.1	0.6	0.3	0.7	0.2	0.3	0.5	1.4	1.1	1.3	0.4	0.0	0.0	0.0	0.0	0.0
																					
E10000016		Kent 		1,463,740	90.9	1.5	0.5	0.3	0.6	0.2	0.4	0.6	1.7	1.3	1.5	0.4	0.0	0.0	0.0	0.0	0.0
E07000105			Ashford	117,956	90.7	1.5	0.5	0.3	0.7	0.1	0.4	0.5	1.5	1.4	1.7	0.5	0.1	0.1	0.0	0.0	0.0
E07000106			Canterbury	151,145	89.0	1.5	0.5	0.3	0.8	0.2	0.9	1.5	2.1	1.4	1.4	0.3	0.0	0.0	0.0	0.0	0.0
E07000107			Dartford	97,365	88.7	1.5	0.5	0.3	0.7	0.2	0.5	0.8	2.4	2.0	2.1	0.4	0.0	0.0	0.0	0.0	0.0
E07000108			Dover	111,674	92.7	1.6	0.4	0.3	0.6	0.1	0.3	0.4	1.2	0.9	1.2	0.3	0.0	0.0	0.0	0.0	0.0
E07000109			Gravesham	101,720	85.9	1.7	0.7	0.4	1.1	0.3	0.7	1.0	3.0	2.1	2.4	0.5	0.1	0.1	0.0	0.0	0.0
E07000110			Maidstone	155,143	90.7	1.4	0.4	0.3	0.5	0.2	0.4	0.6	2.0	1.4	1.5	0.4	0.0	0.1	0.0	0.0	0.0
E07000111			Sevenoaks	114,893	91.8	1.7	0.4	0.3	0.5	0.1	0.3	0.4	1.2	1.2	1.6	0.3	0.0	0.0	0.0	0.0	0.0
E07000112			Shepway	107,969	90.8	1.7	0.6	0.3	0.7	0.2	0.4	0.7	1.5	1.1	1.5	0.5	0.1	0.1	0.0	0.0	0.0
E07000113			Swale	135,835	94.3	1.1	0.3	0.2	0.3	0.1	0.2	0.4	1.2	0.9	0.9	0.2	0.0	0.0	0.0	0.0	0.0
E07000114			Thanet	134,186	91.4	1.5	0.5	0.3	0.7	0.1	0.4	0.5	1.5	1.2	1.5	0.4	0.1	0.0	0.0	0.0	0.0
E07000115			Tonbridge and Malling	120,805	93.1	1.5	0.4	0.2	0.5	0.1	0.2	0.3	1.1	0.9	1.2	0.2	0.0	0.0	0.0	0.0	0.0
E07000116			Tunbridge Wells	115,049	90.1	1.8	0.5	0.3	0.7	0.2	0.3	0.5	1.8	1.6	1.7	0.4	0.0	0.0	0.0	0.0	0.0
																					
E10000025		Oxfordshire		653,798	85.9	2.1	0.6	0.4	0.9	0.2	0.6	0.9	2.8	2.4	2.5	0.5	0.1	0.1	0.0	0.0	0.0
E07000177			Cherwell	141,868	88.7	1.9	0.6	0.3	0.7	0.2	0.4	0.7	2.2	1.9	2.1	0.4	0.0	0.0	0.0	0.0	0.0
E07000178			Oxford	151,906	71.5	2.8	1.0	0.6	1.7	0.5	1.6	2.3	6.5	5.2	5.1	0.9	0.1	0.1	0.0	0.0	0.0
E07000179			South Oxfordshire	134,257	90.8	1.8	0.5	0.3	0.6	0.1	0.3	0.5	1.6	1.4	1.7	0.4	0.0	0.0	0.0	0.0	0.0
E07000180			Vale of White Horse	120,988	89.8	2.0	0.6	0.3	0.6	0.1	0.4	0.5	1.7	1.6	1.9	0.4	0.0	0.0	0.0	0.0	0.0
E07000181			West Oxfordshire	104,779	91.9	1.8	0.5	0.3	0.5	0.1	0.3	0.4	1.3	1.1	1.3	0.4	0.1	0.0	0.0	0.0	0.0
																					
E10000030		Surrey		1,132,390	85.8	2.1	0.7	0.4	0.9	0.2	0.6	0.9	2.6	2.3	2.7	0.6	0.1	0.1	0.0	0.0	0.0
E07000207			Elmbridge	130,875	81.7	2.7	1.0	0.6	1.3	0.2	0.6	0.9	3.0	2.6	4.0	1.1	0.1	0.1	0.0	0.0	0.0
E07000208			Epsom and Ewell	75,102	83.7	1.9	0.7	0.4	1.1	0.3	0.8	1.2	3.3	2.8	3.0	0.6	0.1	0.1	0.0	0.0	0.0
E07000209			Guildford	137,183	84.5	2.3	0.7	0.4	0.9	0.2	0.8	1.3	3.2	2.5	2.6	0.5	0.1	0.1	0.0	0.0	0.0
E07000210			Mole Valley	85,375	90.1	1.7	0.6	0.3	0.7	0.1	0.4	0.6	1.7	1.5	1.8	0.4	0.0	0.0	0.0	0.0	0.0
E07000211			Reigate and Banstead	137,835	87.9	1.8	0.6	0.3	0.8	0.2	0.4	0.8	2.3	2.1	2.2	0.5	0.1	0.0	0.0	0.0	0.0
E07000212			Runnymede	80,510	83.1	1.9	0.8	0.4	1.1	0.3	0.9	1.6	3.3	2.5	3.2	0.7	0.1	0.1	0.0	0.0	0.0
E07000213			Spelthorne	95,598	85.9	1.7	0.6	0.3	0.9	0.2	0.5	0.9	3.0	2.7	2.6	0.5	0.1	0.1	0.0	0.0	0.0
E07000214			Surrey Heath	86,144	86.7	2.3	0.7	0.4	0.9	0.2	0.5	0.7	2.2	2.1	2.5	0.5	0.1	0.1	0.0	0.0	0.0
E07000215			Tandridge	82,998	91.3	1.4	0.5	0.3	0.7	0.1	0.4	0.5	1.6	1.3	1.5	0.3	0.0	0.1	0.0	0.0	0.0
E07000216			Waverley	121,572	89.4	2.2	0.6	0.4	0.8	0.2	0.5	0.5	1.7	1.4	1.7	0.5	0.1	0.1	0.0	0.0	0.0
E07000217			Woking	99,198	80.1	2.8	0.9	0.5	1.2	0.3	0.7	1.1	3.7	3.6	4.1	0.8	0.1	0.1	0.0	0.0	0.0
																					
E10000032		West Sussex		806,892	89.9	1.6	0.5	0.3	0.7	0.2	0.4	0.6	1.9	1.5	1.8	0.4	0.0	0.0	0.0	0.0	0.0
E07000223			Adur	61,182	93.8	1.2	0.3	0.2	0.5	0.1	0.3	0.5	1.0	0.8	0.9	0.2	0.0	0.0	0.0	0.0	0.0
E07000224			Arun	149,518	91.4	1.3	0.4	0.2	0.6	0.1	0.3	0.6	1.7	1.3	1.5	0.5	0.0	0.0	0.0	0.0	0.0
E07000225			Chichester	113,794	91.9	1.7	0.5	0.3	0.5	0.1	0.4	0.5	1.4	1.0	1.3	0.4	0.0	0.0	0.0	0.0	0.0
E07000226			Crawley	106,597	79.7	2.1	0.8	0.5	1.3	0.3	0.8	1.3	4.6	3.7	3.7	0.8	0.1	0.1	0.0	0.0	0.0
E07000227			Horsham	131,301	92.0	1.7	0.5	0.3	0.6	0.1	0.3	0.4	1.2	1.1	1.4	0.3	0.0	0.0	0.0	0.0	0.0
E07000228			Mid Sussex	139,860	90.3	1.7	0.5	0.3	0.7	0.2	0.4	0.5	1.6	1.5	1.8	0.4	0.0	0.0	0.0	0.0	0.0
E07000229			Worthing	104,640	90.6	1.4	0.5	0.3	0.6	0.2	0.4	0.6	1.7	1.5	1.7	0.3	0.0	0.0	0.0	0.0	0.0
																					
E12000009	SOUTH WEST			5,288,935	92.3	1.5	0.4	0.2	0.5	0.1	0.3	0.5	1.4	1.1	1.2	0.3	0.0	0.0	0.0	0.0	0.0
																					
E06000022		Bath and North East Somerset UA		176,016	90.7	1.5	0.5	0.2	0.7	0.1	0.6	0.9	1.8	1.3	1.4	0.3	0.0	0.0	0.0	0.0	0.0
E06000028		Bournemouth UA		183,491	85.1	1.9	0.6	0.3	0.8	0.2	0.6	1.1	3.5	2.8	2.6	0.5	0.1	0.1	0.0	0.0	0.0
E06000023		Bristol, City of UA		428,234	85.3	1.9	0.7	0.5	1.1	0.3	0.7	1.1	3.0	2.5	2.4	0.4	0.1	0.1	0.0	0.0	0.0
E06000052		Cornwall UA		532,273	95.6	1.2	0.3	0.1	0.3	0.1	0.1	0.2	0.7	0.5	0.7	0.2	0.0	0.0	0.0	0.0	0.0
E06000053		Isles of Scilly UA		2,203	94.0	1.2	0.2	0.1	0.2	0.0	0.1	0.3	1.8	1.0	1.0	0.3	0.0	0.0	0.0	0.0	0.0
E06000024		North Somerset UA		202,566	94.2	1.3	0.3	0.2	0.4	0.1	0.2	0.3	1.0	0.8	0.9	0.2	0.0	0.0	0.0	0.0	0.0
E06000026		Plymouth UA		256,384	92.9	1.6	0.4	0.2	0.5	0.1	0.3	0.5	1.2	0.9	1.1	0.2	0.0	0.0	0.0	0.0	0.0
E06000029		Poole UA		147,645	91.8	1.5	0.4	0.2	0.5	0.1	0.3	0.5	1.6	1.2	1.4	0.3	0.0	0.0	0.0	0.0	0.0
E06000025		South Gloucestershire UA		262,767	93.4	1.2	0.3	0.2	0.4	0.1	0.2	0.4	1.3	1.1	1.1	0.2	0.0	0.0	0.0	0.0	0.0
E06000030		Swindon UA		209,156	87.1	2.0	0.6	0.4	0.9	0.2	0.5	0.7	2.2	2.1	2.5	0.7	0.1	0.1	0.0	0.0	0.0
E06000027		Torbay UA		130,959	94.6	1.1	0.3	0.2	0.4	0.1	0.2	0.3	0.9	0.7	0.9	0.3	0.0	0.0	0.0	0.0	0.0
E06000054		Wiltshire UA		470,981	92.1	2.2	0.5	0.3	0.5	0.1	0.3	0.4	1.2	0.9	1.1	0.3	0.0	0.0	0.0	0.0	0.0
																					
E10000008		Devon 		746,399	94.3	1.3	0.3	0.2	0.4	0.1	0.3	0.4	1.0	0.7	0.8	0.2	0.0	0.0	0.0	0.0	0.0
E07000040			East Devon	132,457	95.1	1.3	0.3	0.2	0.3	0.1	0.2	0.2	0.7	0.5	0.8	0.2	0.0	0.0	0.0	0.0	0.0
E07000041			Exeter	117,773	88.9	1.6	0.5	0.3	0.6	0.1	0.7	1.3	2.4	1.5	1.7	0.3	0.0	0.0	0.0	0.0	0.0
E07000042			Mid Devon	77,750	95.1	1.3	0.3	0.2	0.3	0.1	0.2	0.3	0.8	0.6	0.7	0.2	0.0	0.0	0.0	0.0	0.0
E07000043			North Devon	93,667	95.5	1.1	0.3	0.1	0.3	0.0	0.1	0.2	0.7	0.6	0.7	0.2	0.0	0.0	0.0	0.0	0.0
E07000044			South Hams	83,140	94.6	1.6	0.4	0.2	0.3	0.1	0.2	0.3	0.7	0.6	0.8	0.2	0.0	0.0	0.0	0.0	0.0
E07000045			Teignbridge	124,220	95.3	1.2	0.3	0.2	0.3	0.1	0.2	0.3	0.6	0.5	0.7	0.2	0.0	0.0	0.0	0.0	0.0
E07000046			Torridge	63,839	96.6	0.9	0.2	0.2	0.3	0.1	0.2	0.2	0.4	0.3	0.4	0.2	0.0	0.0	0.0	0.0	0.0
E07000047			West Devon	53,553	95.2	1.4	0.3	0.2	0.3	0.1	0.2	0.2	0.7	0.5	0.6	0.2	0.0	0.0	0.0	0.0	0.0
																					
E10000009		Dorset 		412,905	94.4	1.5	0.4	0.2	0.4	0.1	0.2	0.3	0.8	0.6	0.8	0.2	0.0	0.0	0.0	0.0	0.0
E07000048			Christchurch	47,752	94.3	1.2	0.3	0.2	0.4	0.1	0.4	0.4	0.9	0.7	0.8	0.2	0.0	0.0	0.0	0.0	0.0
E07000049			East Dorset	87,166	95.1	1.3	0.4	0.2	0.4	0.1	0.2	0.3	0.7	0.5	0.7	0.2	0.0	0.0	0.0	0.0	0.0
E07000050			North Dorset	68,583	93.2	1.8	0.5	0.3	0.6	0.1	0.2	0.3	1.0	0.7	1.0	0.3	0.0	0.0	0.0	0.0	0.0
E07000051			Purbeck	44,973	94.6	1.7	0.4	0.2	0.4	0.1	0.2	0.3	0.7	0.6	0.6	0.2	0.0	0.0	0.0	0.0	0.0
E07000052			West Dorset	99,264	94.4	1.5	0.4	0.2	0.5	0.1	0.2	0.3	0.7	0.6	0.8	0.3	0.0	0.0	0.0	0.0	0.0
E07000053			Weymouth and Portland	65,167	94.6	1.3	0.3	0.2	0.4	0.1	0.2	0.3	0.8	0.6	0.9	0.2	0.0	0.0	0.0	0.0	0.0
																					
E10000013		Gloucestershire 		596,984	92.3	1.6	0.4	0.2	0.5	0.1	0.3	0.4	1.4	1.1	1.2	0.3	0.0	0.0	0.0	0.0	0.0
E07000078			Cheltenham	115,732	88.8	2.0	0.6	0.3	0.9	0.2	0.4	0.7	2.2	1.7	1.8	0.5	0.0	0.0	0.0	0.0	0.0
E07000079			Cotswold	82,881	92.9	1.7	0.5	0.2	0.4	0.1	0.2	0.3	1.1	0.9	1.1	0.4	0.0	0.0	0.0	0.0	0.0
E07000080			Forest of Dean	81,961	96.1	1.1	0.2	0.1	0.3	0.0	0.1	0.3	0.6	0.4	0.5	0.1	0.0	0.0	0.0	0.0	0.0
E07000081			Gloucester	121,688	89.5	1.6	0.5	0.3	0.7	0.2	0.4	0.6	2.0	1.6	1.9	0.4	0.0	0.0	0.0	0.0	0.0
E07000082			Stroud	112,779	94.6	1.4	0.3	0.2	0.3	0.1	0.2	0.3	0.8	0.7	0.8	0.2	0.0	0.0	0.0	0.0	0.0
E07000083			Tewkesbury	81,943	93.6	1.8	0.4	0.2	0.4	0.1	0.2	0.3	1.0	0.8	1.0	0.3	0.0	0.0	0.0	0.0	0.0
																					
E10000027		Somerset		529,972	94.0	1.3	0.3	0.2	0.5	0.1	0.2	0.3	1.0	0.8	1.0	0.3	0.0	0.0	0.0	0.0	0.0
E07000187			Mendip	109,279	93.7	1.4	0.4	0.2	0.6	0.1	0.2	0.3	0.9	0.8	1.0	0.3	0.0	0.0	0.0	0.0	0.0
E07000188			Sedgemoor	114,588	95.0	1.0	0.3	0.2	0.4	0.1	0.2	0.3	0.9	0.6	0.8	0.2	0.0	0.0	0.0	0.0	0.0
E07000189			South Somerset	161,243	94.0	1.4	0.4	0.2	0.4	0.1	0.2	0.3	0.9	0.7	1.0	0.3	0.0	0.0	0.0	0.0	0.0
E07000190			Taunton Deane	110,187	92.9	1.4	0.4	0.2	0.6	0.2	0.3	0.3	1.1	0.9	1.2	0.3	0.0	0.0	0.0	0.0	0.0
E07000191			West Somerset	34,675	94.9	1.0	0.3	0.1	0.3	0.1	0.1	0.3	1.0	0.8	0.8	0.2	0.0	0.0	0.0	0.0	0.0
																					
W92000004	WALES			3,063,456	94.5	1.0	0.3	0.2	0.4	0.1	0.2	0.4	1.1	0.8	0.9	0.2	0.0	0.0	0.0	0.0	0.0
																					
W06000001			Isle of Anglesey	69,751	96.5	0.9	0.2	0.1	0.2	0.0	0.1	0.2	0.5	0.4	0.6	0.1	0.0	0.0	0.0	0.0	0.0
W06000002			Gwynedd	121,874	95.1	0.8	0.2	0.1	0.2	0.1	0.2	0.4	1.1	0.7	0.9	0.2	0.0	0.0	0.0	0.0	0.0
W06000003			Conwy	115,228	95.7	0.9	0.2	0.1	0.3	0.1	0.2	0.2	0.7	0.6	0.8	0.2	0.0	0.0	0.0	0.0	0.0
W06000004			Denbighshire	93,734	95.9	0.9	0.3	0.1	0.3	0.1	0.2	0.2	0.6	0.5	0.8	0.1	0.0	0.0	0.0	0.0	0.0
W06000005			Flintshire	152,506	95.8	0.9	0.2	0.1	0.2	0.1	0.2	0.2	0.8	0.6	0.6	0.2	0.0	0.0	0.0	0.0	0.0
W06000006			Wrexham	134,844	93.7	0.9	0.2	0.1	0.3	0.1	0.2	0.4	1.5	1.1	1.1	0.3	0.0	0.0	0.0	0.0	0.0
W06000023			Powys	132,976	95.8	0.9	0.2	0.1	0.3	0.1	0.1	0.2	0.7	0.5	0.7	0.2	0.0	0.1	0.0	0.0	0.0
W06000008			Ceredigion	75,922	94.0	1.0	0.3	0.2	0.4	0.1	0.2	0.9	1.1	0.8	0.9	0.2	0.0	0.0	0.0	0.0	0.0
W06000009			Pembrokeshire	122,439	95.4	1.1	0.3	0.2	0.3	0.1	0.2	0.2	0.6	0.6	0.8	0.2	0.0	0.0	0.0	0.0	0.0
W06000010			Carmarthenshire	183,777	95.9	0.8	0.2	0.1	0.3	0.0	0.1	0.2	0.7	0.6	0.8	0.3	0.0	0.0	0.0	0.0	0.0
W06000011			Swansea	239,023	92.8	1.0	0.4	0.2	0.4	0.1	0.3	0.5	1.5	1.1	1.3	0.2	0.0	0.0	0.0	0.0	0.0
W06000012			Neath Port Talbot	139,812	97.4	0.6	0.1	0.1	0.2	0.0	0.1	0.2	0.4	0.4	0.4	0.1	0.0	0.0	0.0	0.0	0.0
W06000013			Bridgend 	139,178	96.4	0.8	0.2	0.1	0.2	0.0	0.1	0.2	0.6	0.5	0.6	0.1	0.0	0.0	0.0	0.0	0.0
W06000014			The Vale of Glamorgan	126,336	95.1	1.3	0.3	0.2	0.3	0.1	0.3	0.2	0.7	0.6	0.7	0.2	0.0	0.0	0.0	0.0	0.0
W06000015			Cardiff	346,090	86.7	1.8	0.6	0.4	0.9	0.2	0.6	1.0	2.8	2.2	2.2	0.4	0.0	0.1	0.0	0.0	0.0
W06000016			Rhondda Cynon Taf	234,410	96.9	0.5	0.1	0.1	0.2	0.0	0.1	0.2	0.7	0.5	0.5	0.1	0.0	0.0	0.0	0.0	0.0
W06000024			Merthyr Tydfil	58,802	95.5	0.6	0.2	0.1	0.3	0.1	0.1	0.2	0.8	0.7	1.0	0.3	0.0	0.0	0.0	0.0	0.0
W06000018			Caerphilly	178,806	97.6	0.6	0.1	0.1	0.2	0.0	0.1	0.1	0.4	0.3	0.4	0.1	0.0	0.0	0.0	0.0	0.0
W06000019			Blaenau Gwent	69,814	97.8	0.5	0.1	0.0	0.2	0.0	0.1	0.1	0.4	0.4	0.3	0.1	0.0	0.0	0.0	0.0	0.0
W06000020			Torfaen	91,075	97.3	0.6	0.2	0.1	0.2	0.1	0.1	0.2	0.4	0.3	0.4	0.1	0.0	0.0	0.0	0.0	0.0
W06000021			Monmouthshire	91,323	95.6	1.1	0.3	0.2	0.3	0.0	0.2	0.2	0.6	0.6	0.7	0.2	0.0	0.1	0.0	0.0	0.0
W06000022			Newport	145,736	91.5	1.2	0.4	0.3	0.6	0.2	0.4	0.6	1.7	1.4	1.5	0.3	0.0	0.0	0.0	0.0	0.0
																					
																					
Source: Office for National Statistics																					
