code	name1	name2	all	Christian	Buddhist	Hindu	Jewish	Muslim	Sikh	other	no religion	not stated
E06000001	Hartlepool UA		92028	69.9	0.2	0.2	0	0.7	0.1	0.2	22.3	6.4
E06000002	Middlesbrough UA		138412	63.2	0.3	0.4	0	7	0.4	0.2	22.3	6.2
E06000003	Redcar and Cleveland UA		135177	70.4	0.1	0	0	0.4	0	0.3	22.2	6.5
E06000004	Stockton-on-Tees UA		191610	68.2	0.2	0.4	0	2.2	0.3	0.2	22.4	6.1
E06000005	Darlington UA		105564	67.4	0.3	0.3	0	0.9	0.3	0.3	24.1	6.4
E06000006	Halton UA		125746	75	0.2	0.2	0	0.2	0	0.2	18.7	5.4
E06000007	Warrington UA		202228	71.4	0.2	0.6	0.1	1	0.2	0.3	20.4	5.9
E06000008	Blackburn with Darwen UA		147489	52.6	0.2	0.4	0	27	0.1	0.2	13.8	5.6
E06000009	Blackpool UA		142065	67.2	0.3	0.2	0.2	0.7	0	0.4	24.5	6.4
E06000010	Kingston upon Hull, City of UA		256406	54.9	0.3	0.2	0.1	2.1	0.1	0.3	34.8	7.2
E06000011	East Riding of Yorkshire UA		334179	68	0.2	0.2	0.1	0.4	0.1	0.3	23.4	7.3
E06000012	North East Lincolnshire UA		159616	60.7	0.2	0.2	0	0.8	0.1	0.3	30.4	7.2
E06000013	North Lincolnshire UA		167446	66	0.2	0.3	0	1.8	0.3	0.2	24	7.1
E06000014	York UA		198051	59.5	0.5	0.5	0.1	1	0.1	0.4	30.1	7.8
E06000015	Derby UA		248752	52.7	0.3	0.9	0	7.6	3.6	0.4	27.6	6.8
E06000016	Leicester UA		329839	32.4	0.4	15.2	0.1	18.6	4.4	0.6	22.8	5.6
E06000017	Rutland UA		37369	68.2	0.3	0.2	0.1	0.4	0.1	0.4	23.4	7
E06000018	Nottingham UA		305680	44.2	0.7	1.5	0.3	8.8	1.4	0.5	35	7.6
E06000019	Herefordshire, County of UA		183477	67.8	0.3	0.1	0.1	0.2	0	0.5	22.8	8.2
E06000020	Telford and Wrekin UA		166641	61.7	0.2	0.5	0	1.8	1.3	0.4	27.4	6.6
E06000021	Stoke-on-Trent UA		249008	60.9	0.3	0.6	0	6	0.2	0.4	25.2	6.4
E06000022	Bath and North East Somerset UA		176016	56.5	0.5	0.3	0.1	0.7	0.1	0.5	32.7	8.5
E06000023	Bristol, City of UA		428234	46.8	0.6	0.6	0.2	5.1	0.5	0.7	37.4	8.1
E06000024	North Somerset UA		202566	61	0.3	0.2	0.1	0.4	0	0.5	30	7.5
E06000025	South Gloucestershire UA		262767	59.6	0.3	0.6	0.1	0.8	0.2	0.3	30.7	7.4
E06000026	Plymouth UA		256384	58.1	0.3	0.2	0.1	0.8	0	0.5	32.9	7.1
E06000027	Torbay UA		130959	63.3	0.3	0.1	0.1	0.4	0	0.5	27.5	7.7
E06000028	Bournemouth UA		183491	57.1	0.7	0.7	0.7	1.8	0.1	0.7	30.5	7.8
E06000029	Poole UA		147645	60.4	0.4	0.3	0.3	0.7	0.1	0.5	29.7	7.6
E06000030	Swindon UA		209156	57.5	0.6	1.2	0.1	1.7	0.6	0.5	31	6.8
E06000031	Peterborough UA		183631	56.7	0.3	1.3	0.1	9.4	0.6	0.3	24.6	6.7
E06000032	Luton UA		203201	47.4	0.3	3.3	0.2	24.6	1.2	0.4	16.5	6.1
E06000033	Southend-on-Sea UA		173658	55.7	0.5	0.7	1.2	1.9	0.1	0.5	31.6	7.8
E06000034	Thurrock UA		157705	63.3	0.4	0.7	0.1	2	0.8	0.3	26	6.3
E06000035	Medway UA		263925	57.8	0.4	1	0.1	2	1.5	0.5	29.9	6.8
E06000036	Bracknell Forest UA		113205	60.5	0.7	1.6	0.2	1.1	0.4	0.4	28.4	6.6
E06000037	West Berkshire UA		153822	63.6	0.3	0.7	0.1	0.8	0.2	0.4	26.7	7.2
E06000038	Reading UA		155698	50	1.2	3.6	0.2	7.1	0.6	0.5	29.5	7.3
E06000039	Slough UA		140205	41.2	0.5	6.2	0.1	23.3	10.6	0.3	12.1	5.7
E06000040	Windsor and Maidenhead UA		144560	62.3	0.5	1.8	0.3	3.9	2	0.4	21.7	7
E06000041	Wokingham UA		154380	59.5	0.4	2.1	0.3	2.8	1.3	0.3	26	7.3
E06000042	Milton Keynes UA		248821	52.8	0.5	2.8	0.2	4.8	0.6	0.5	31.3	6.6
E06000043	Brighton and Hove UA		273369	42.9	1	0.7	1	2.2	0.1	0.9	42.4	8.8
E06000044	Portsmouth UA		205056	52.2	0.6	0.6	0.1	3.5	0.2	0.5	35	7.3
E06000045	Southampton UA		236882	51.5	0.6	1	0.1	4.2	1.5	0.6	33.5	7.1
E06000046	Isle of Wight UA		138265	60.5	0.3	0.2	0.1	0.4	0	0.7	29.6	8.2
E06000047	County Durham UA		513242	72	0.2	0.1	0	0.4	0.1	0.3	20.9	5.9
E06000048	Northumberland UA		316028	68.6	0.2	0.1	0.1	0.3	0.2	0.3	23.9	6.4
E06000049	Cheshire East UA		370127	68.9	0.2	0.4	0.2	0.7	0.1	0.3	22.7	6.7
E06000050	Cheshire West and Chester UA		329608	70.1	0.2	0.2	0.1	0.5	0.1	0.3	22	6.5
E06000051	Shropshire UA		306129	68.7	0.3	0.1	0	0.3	0.1	0.4	22.8	7.3
E06000052	Cornwall UA		532273	59.8	0.3	0.1	0.1	0.2	0	0.7	30.3	8.5
E06000053	Isles of Scilly UA		2203	55.3	0.4	0	0.2	0.1	0	0.5	33.7	9.7
E06000054	Wiltshire UA		470981	64	0.3	0.3	0.1	0.4	0.1	0.5	26.5	7.7
E06000055	Bedford UA		157479	59.3	0.3	1.5	0.1	5.5	2.1	1	23.6	6.6
E06000056	Central Bedfordshire UA		254381	62.2	0.3	0.7	0.2	0.8	0.3	0.3	28.4	6.8
E07000004		Aylesbury Vale	174137	61.7	0.4	0.8	0.2	3.9	0.1	0.3	25.6	7
E07000005		Chiltern	92635	63.2	0.4	1.3	0.5	2.5	0.5	0.4	23.6	7.6
E07000006		South Bucks	66867	62.3	0.5	2.5	0.4	2.5	4.7	0.3	19.8	6.9
E07000007		Wycombe	171644	57.2	0.5	1.2	0.2	8.8	0.4	0.4	24.2	7.1
E07000008		Cambridge	123867	44.8	1.3	1.7	0.7	4	0.2	0.6	37.8	9
E07000009		East Cambridgeshire	83818	62.3	0.3	0.2	0.1	0.4	0.1	0.4	28.1	7.9
E07000010		Fenland	95262	66.4	0.2	0.2	0.1	0.4	0.1	0.4	25	7.2
E07000011		Huntingdonshire	169508	60.8	0.3	0.4	0.1	1.1	0.2	0.4	29.5	7.2
E07000012		South Cambridgeshire	148755	58.8	0.5	0.8	0.2	1	0.1	0.4	30.1	8.2
E07000026		Allerdale	96422	75.4	0.2	0	0	0.2	0	0.2	17.3	6.6
E07000027		Barrow-in-Furness	69087	70.7	0.2	0.1	0	0.2	0	0.2	22.1	6.4
E07000028		Carlisle	107524	69.1	0.3	0.2	0	0.4	0	0.3	22.9	6.8
E07000029		Copeland	70603	78.9	0.2	0.1	0	0.3	0	0.2	14.4	5.9
E07000030		Eden	52564	70.7	0.2	0.1	0.1	0.2	0	0.3	20.7	7.7
E07000031		South Lakeland	103658	68.1	0.4	0.1	0.1	0.2	0	0.4	23.1	7.7
E07000032		Amber Valley	122309	61.2	0.2	0.1	0.1	0.2	0.1	0.5	30.3	7.3
E07000033		Bolsover	75866	65.2	0.2	0.1	0	0.2	0.1	0.3	27	6.8
E07000034		Chesterfield	103788	63.8	0.2	0.2	0	0.7	0.2	0.4	27.2	7.4
E07000035		Derbyshire Dales	71116	68.7	0.2	0.1	0.1	0.2	0	0.3	23.2	7.2
E07000036		Erewash	112081	57.8	0.2	0.4	0	0.2	0.3	0.4	33.9	6.9
E07000037		High Peak	90892	64.1	0.3	0.1	0	0.2	0	0.4	27.6	7.2
E07000038		North East Derbyshire	99023	67.4	0.1	0.1	0	0.3	0.1	0.3	24.7	6.9
E07000039		South Derbyshire	94611	64	0.2	0.3	0	0.3	1.5	0.4	26.8	6.6
E07000040		East Devon	132457	65.6	0.3	0	0.1	0.2	0	0.5	25.1	8.2
E07000041		Exeter	117773	53.9	0.6	0.3	0.1	1.6	0.1	0.6	34.7	8.1
E07000042		Mid Devon	77750	62.1	0.3	0.1	0.1	0.1	0	0.5	28.5	8.4
E07000043		North Devon	93667	61.3	0.3	0.1	0.1	0.3	0.1	0.5	28.8	8.6
E07000044		South Hams	83140	61.6	0.6	0.1	0.1	0.2	0	0.8	27.7	8.9
E07000045		Teignbridge	124220	62.2	0.3	0.1	0.1	0.2	0	0.6	28.1	8.4
E07000046		Torridge	63839	62.8	0.2	0	0.1	0.1	0	0.7	27.5	8.5
E07000047		West Devon	53553	63.6	0.3	0.1	0.1	0.2	0	0.6	26.6	8.5
E07000048		Christchurch	47752	67.1	0.3	0.1	0.2	0.3	0	0.6	23.6	7.7
E07000049		East Dorset	87166	66.8	0.2	0.1	0.2	0.4	0	0.4	24.2	7.7
E07000050		North Dorset	68583	66.5	0.4	0.3	0.1	0.3	0	0.5	23.8	8
E07000051		Purbeck	44973	65	0.2	0	0.1	0.2	0	0.5	25.9	8.1
E07000052		West Dorset	99264	65.3	0.3	0.1	0.1	0.3	0	0.6	25	8.3
E07000053		Weymouth and Portland	65167	61	0.4	0.1	0.1	0.5	0.1	0.7	29.3	7.9
E07000061		Eastbourne	99412	59.6	0.5	0.4	0.2	1.5	0.1	0.6	29.2	8
E07000062		Hastings	90254	51.9	0.5	0.5	0.2	1.3	0	0.7	36.6	8.3
E07000063		Lewes	97502	57	0.5	0.3	0.3	0.6	0	0.6	32.5	8.2
E07000064		Rother	90588	64.8	0.3	0.2	0.2	0.5	0	0.6	25.2	8.2
E07000065		Wealden	148915	64	0.3	0.1	0.2	0.4	0	0.8	26.3	7.9
E07000066		Basildon	174497	60.3	0.3	0.7	0.2	0.9	0.1	0.3	30.3	6.8
E07000067		Braintree	147084	61.3	0.2	0.3	0.1	0.5	0.1	0.4	30	7.1
E07000068		Brentwood	73601	68.6	0.4	1.1	0.4	0.9	0.2	0.3	21.1	7.1
E07000069		Castle Point	88011	64.1	0.2	0.3	0.2	0.4	0	0.4	27.2	7.1
E07000070		Chelmsford	168310	61.9	0.3	0.7	0.2	1.2	0.1	0.3	28.2	7
E07000071		Colchester	173074	57.7	0.6	0.7	0.2	1.6	0.1	0.5	31.4	7.3
E07000072		Epping Forest	124659	61.8	0.3	1.4	3.2	1.9	1	0.3	22.5	7.5
E07000073		Harlow	81944	55.4	0.4	0.8	0.3	2.1	0.1	0.4	33.9	6.6
E07000074		Maldon	61629	65	0.2	0.1	0.2	0.3	0	0.3	26.6	7.3
E07000075		Rochford	83287	63.4	0.2	0.3	0.3	0.4	0	0.3	27.9	7.2
E07000076		Tendring	138048	63.9	0.2	0.2	0.1	0.3	0	0.4	27.1	7.7
E07000077		Uttlesford	79443	64.4	0.5	0.2	0.3	0.5	0.1	0.4	26.2	7.4
E07000078		Cheltenham	115732	58.7	0.4	0.8	0.1	0.9	0.1	0.4	30.8	7.6
E07000079		Cotswold	82881	68.7	0.3	0.1	0.1	0.2	0	0.4	22.9	7.3
E07000080		Forest of Dean	81961	65.8	0.2	0.1	0.1	0.1	0.1	0.5	25.2	7.9
E07000081		Gloucester	121688	62.4	0.3	0.6	0	3.2	0.1	0.4	26.2	6.9
E07000082		Stroud	112779	62	0.3	0.1	0.1	0.2	0	0.8	28.3	8.1
E07000083		Tewkesbury	81943	66.6	0.2	0.3	0.1	0.3	0.1	0.3	25	7.1
E07000084		Basingstoke and Deane	167799	59.9	0.5	1.2	0.1	0.9	0.2	0.4	29.7	7.2
E07000085		East Hampshire	115608	64.7	0.3	0.2	0.1	0.4	0	0.4	26.3	7.5
E07000086		Eastleigh	125199	61.9	0.3	0.7	0.1	0.8	0.7	0.4	28.5	6.8
E07000087		Fareham	111581	63.8	0.2	0.3	0.1	0.5	0.1	0.5	27.4	7.2
E07000088		Gosport	82622	58.8	0.2	0.2	0	0.5	0	0.5	32.8	6.7
E07000089		Hart	91033	64.6	0.5	0.8	0.1	0.6	0.2	0.3	25.8	7.1
E07000090		Havant	120684	59.2	0.2	0.2	0.1	0.5	0	0.5	32.3	7.1
E07000091		New Forest	176462	65.2	0.2	0.1	0.1	0.3	0	0.5	25.7	7.8
E07000092		Rushmoor	93807	57.8	3.3	3.4	0.1	1.4	0.2	0.4	26.4	7
E07000093		Test Valley	116398	65.7	0.3	0.4	0.1	0.6	0.3	0.4	25.1	7.1
E07000094		Winchester	116595	63.2	0.5	0.4	0.2	0.5	0.1	0.4	27.3	7.5
E07000095		Broxbourne	93609	65	0.3	0.8	0.3	2.4	0.1	0.3	23.8	7
E07000096		Dacorum	144847	58.1	0.4	1.3	0.5	2.2	0.1	0.4	29.5	7.5
E07000097		East Hertfordshire	137687	62.7	0.3	0.4	0.3	0.7	0.1	0.3	27.7	7.3
E07000098		Hertsmere	100031	51.7	0.6	3.2	14.3	2.4	0.2	0.7	19.2	7.8
E07000099		North Hertfordshire	127114	57	0.5	1	0.2	1.1	1.9	0.5	30.4	7.4
E07000100		St Albans	140664	59.7	0.4	1.3	1.2	3.7	0.2	0.3	25.8	7.4
E07000101		Stevenage	83957	54.4	0.5	1.2	0.2	2	0.4	0.5	34.1	6.7
E07000102		Three Rivers	87317	59.9	0.4	4.5	1.8	2.2	0.5	0.7	22.8	7
E07000103		Watford	90301	54.1	0.7	4.8	1.1	9.9	0.6	0.5	21.4	6.7
E07000104		Welwyn Hatfield	110535	57.5	0.8	2.5	0.8	2.5	0.3	0.5	27.9	7.1
E07000105		Ashford	117956	62.9	0.7	1.1	0.1	0.9	0.1	0.4	26.3	7.6
E07000106		Canterbury	151145	60.3	0.6	0.7	0.2	1.2	0.2	0.5	28.5	7.8
E07000107		Dartford	97365	60.6	0.4	1.6	0.1	1.6	1.6	0.3	27.2	6.6
E07000108		Dover	111674	64.1	0.5	0.6	0.1	0.5	0	0.5	26	7.8
E07000109		Gravesham	101720	60.8	0.3	0.9	0.1	1.9	7.6	0.6	21.5	6.3
E07000110		Maidstone	155143	62.9	0.6	1	0.1	1.1	0.1	0.4	26.7	7.1
E07000111		Sevenoaks	114893	65.4	0.3	0.3	0.2	0.5	0.2	0.3	25.2	7.6
E07000112		Shepway	107969	62.3	0.9	1.4	0.1	0.7	0	0.5	26.5	7.6
E07000113		Swale	135835	63	0.2	0.3	0.1	0.6	0.1	0.4	28.8	6.6
E07000114		Thanet	134186	61.4	0.4	0.5	0.2	0.9	0.1	0.5	28.6	7.4
E07000115		Tonbridge and Malling	120805	63.7	0.4	0.4	0.1	0.6	0.1	0.3	27.3	7
E07000116		Tunbridge Wells	115049	62.9	0.4	0.4	0.2	1.1	0.1	0.4	26.6	8
E07000117		Burnley	87059	63.6	0.2	0.2	0	9.9	0	0.3	19.7	6
E07000118		Chorley	107155	75.3	0.3	0.2	0	1.1	0	0.3	17.2	5.6
E07000119		Fylde	75757	73.7	0.3	0.2	0.4	0.5	0.1	0.3	18.3	6.2
E07000120		Hyndburn	80734	66.4	0.2	0.1	0	10.3	0	0.3	17	5.7
E07000121		Lancaster	138375	65.9	0.4	0.3	0.1	1.3	0.1	0.5	24.5	7.1
E07000122		Pendle	89452	53.7	0.3	0.1	0	17.4	0	0.4	21.9	6.2
E07000123		Preston	140202	61	0.3	2.4	0	11.2	0.7	0.3	18.4	5.7
E07000124		Ribble Valley	57132	78.1	0.2	0.2	0	0.7	0.1	0.2	14.5	6
E07000125		Rossendale	67982	63.8	0.2	0.1	0.1	3.8	0	0.3	25.1	6.3
E07000126		South Ribble	109057	75.7	0.2	0.5	0	0.5	0.1	0.3	17	5.7
E07000127		West Lancashire	110685	76.2	0.1	0.2	0.1	0.2	0.1	0.2	17.2	5.7
E07000128		Wyre	107749	74.6	0.2	0.1	0.1	0.3	0	0.3	17.8	6.6
E07000129		Blaby	93915	58.1	0.2	2.7	0.1	0.8	2	0.4	29.1	6.7
E07000130		Charnwood	166100	55.5	0.3	5	0.1	2.4	0.7	0.4	29.2	6.3
E07000131		Harborough	85382	65.5	0.2	1.3	0.1	0.5	0.7	0.2	24.6	6.9
E07000132		Hinckley and Bosworth	105078	64.3	0.2	0.8	0	0.5	0.4	0.4	26.9	6.5
E07000133		Melton	50376	68	0.2	0.4	0	0.1	0.1	0.3	24.4	6.5
E07000134		North West Leicestershire	93468	64.9	0.2	0.4	0	0.2	0.1	0.4	27.5	6.2
E07000135		Oadby and Wigston	56170	48.4	0.2	9.1	0.2	5.8	6.5	0.5	23.2	6
E07000136		Boston	64637	71.1	0.2	0.3	0	0.7	0.1	0.3	20.3	7
E07000137		East Lindsey	136401	68.7	0.2	0.1	0.1	0.3	0	0.4	22.9	7.4
E07000138		Lincoln	93541	58	0.3	0.4	0.1	1	0.1	0.5	32.6	7.1
E07000139		North Kesteven	107766	70.1	0.1	0.2	0.1	0.2	0	0.3	21.9	7.1
E07000140		South Holland	88270	72.3	0.1	0.1	0.1	0.3	0.1	0.3	19.4	7.2
E07000141		South Kesteven	133788	69.7	0.2	0.3	0.1	0.3	0.1	0.3	22.2	6.9
E07000142		West Lindsey	89250	70.3	0.2	0.2	0	0.2	0.1	0.3	21.8	6.9
E07000143		Breckland	130491	63.8	0.2	0.1	0.1	0.3	0	0.5	27.6	7.4
E07000144		Broadland	124646	63.3	0.3	0.2	0.1	0.3	0.1	0.4	28	7.4
E07000145		Great Yarmouth	97277	61	0.2	0.3	0.1	0.5	0	0.3	30.3	7.2
E07000146		Kingâ€™s Lynn and West Norfolk	147451	66.4	0.3	0.2	0.1	0.4	0.1	0.4	24.8	7.4
E07000147		North Norfolk	101499	66	0.3	0.1	0.1	0.2	0	0.5	25.2	7.6
E07000148		Norwich	132512	44.9	0.7	0.8	0.2	2	0.1	0.7	42.5	8.2
E07000149		South Norfolk	124012	62.3	0.3	0.2	0.1	0.3	0	0.4	28.7	7.7
E07000150		Corby	61255	59	0.2	0.3	0.1	0.6	0.2	0.2	33.3	6.1
E07000151		Daventry	77843	64.7	0.4	0.4	0.1	0.6	0.2	0.3	26.6	6.8
E07000152		East Northamptonshire	86765	61.3	0.2	0.3	0.1	0.3	0.1	0.4	30.4	6.9
E07000153		Kettering	93475	59	0.3	0.8	0.1	0.8	1	0.4	30.8	6.7
E07000154		Northampton	212069	56.6	0.4	1.6	0.1	4.2	0.5	0.5	29.4	6.7
E07000155		South Northamptonshire	85189	65.8	0.2	0.4	0.1	0.3	0.2	0.3	25.5	7.1
E07000156		Wellingborough	75356	57.7	0.3	3.6	0.1	1.6	0.2	0.5	29.2	6.7
E07000163		Craven	55409	67.3	0.2	0.1	0	0.9	0.1	0.3	23.3	7.6
E07000164		Hambleton	89140	72.6	0.2	0.1	0.1	0.3	0	0.3	19.8	6.8
E07000165		Harrogate	157869	68.6	0.3	0.1	0.2	0.4	0.1	0.3	22.9	7.1
E07000166		Richmondshire	51965	69.4	0.7	1	0.1	0.3	0	0.3	21.4	6.9
E07000167		Ryedale	51751	71.8	0.2	0	0	0.1	0	0.3	20	7.4
E07000168		Scarborough	108793	66.7	0.3	0.2	0.1	0.5	0	0.4	24.5	7.4
E07000169		Selby	83449	70.9	0.2	0.1	0.1	0.1	0.1	0.2	21.7	6.7
E07000170		Ashfield	119497	58.2	0.2	0.2	0	0.3	0.1	0.4	33.8	6.8
E07000171		Bassetlaw	112863	70.8	0.2	0.2	0	0.6	0.1	0.3	20.9	6.8
E07000172		Broxtowe	109487	56.6	0.4	0.8	0.1	1.5	0.8	0.4	32.2	7.2
E07000173		Gedling	113543	57.1	0.3	0.5	0.1	1.4	0.6	0.3	32.7	7.1
E07000174		Mansfield	104466	61.6	0.2	0.3	0	0.5	0.2	0.3	30.1	6.7
E07000175		Newark and Sherwood	114817	66.1	0.2	0.2	0.1	0.4	0.1	0.3	25.6	7
E07000176		Rushcliffe	111129	58.9	0.3	1.1	0.3	1.5	0.8	0.4	29.6	7.1
E07000177		Cherwell	141868	63.8	0.4	0.4	0.1	2.3	0.3	0.4	25.4	6.9
E07000178		Oxford	151906	48	0.9	1.3	0.7	6.8	0.3	0.5	33.1	8.3
E07000179		South Oxfordshire	134257	63.5	0.3	0.4	0.2	0.5	0.1	0.4	27.1	7.5
E07000180		Vale of White Horse	120988	63.3	0.4	0.5	0.2	0.9	0.1	0.4	26.9	7.4
E07000181		West Oxfordshire	104779	65.4	0.3	0.2	0.2	0.4	0	0.4	25.9	7.2
E07000187		Mendip	109279	61.9	0.5	0.1	0.1	0.2	0	1.1	27.4	8.7
E07000188		Sedgemoor	114588	64.6	0.2	0.1	0	0.3	0	0.5	26.5	7.7
E07000189		South Somerset	161243	65.9	0.2	0.1	0.1	0.3	0	0.5	25.2	7.7
E07000190		Taunton Deane	110187	62.1	0.3	0.2	0.1	0.4	0	0.5	28.5	7.9
E07000191		West Somerset	34675	65.5	0.3	0	0.1	0.1	0	0.6	25	8.4
E07000192		Cannock Chase	97462	69.1	0.2	0.1	0	0.2	0.3	0.3	23.7	6.1
E07000193		East Staffordshire	113583	64.2	0.3	0.3	0	6	0.3	0.3	22	6.6
E07000194		Lichfield	100654	68.8	0.2	0.3	0.1	0.4	0.5	0.3	23	6.4
E07000195		Newcastle-under-Lyme	123871	65.7	0.4	0.4	0.1	1.1	0.2	0.3	25.1	6.7
E07000196		South Staffordshire	108131	73.3	0.2	0.4	0	0.3	0.9	0.3	18.4	6.1
E07000197		Stafford	130869	67.9	0.3	0.6	0	0.9	0.4	0.4	22.8	6.6
E07000198		Staffordshire Moorlands	97106	72.8	0.2	0.1	0	0.2	0	0.3	19.6	6.8
E07000199		Tamworth	76813	63.3	0.2	0.2	0	0.3	0.2	0.3	29.3	6.1
E07000200		Babergh	87740	63.2	0.2	0.1	0.1	0.2	0	0.4	28.4	7.3
E07000201		Forest Heath	59748	64	0.3	0.3	0.1	0.6	0.1	0.5	26.6	7.6
E07000202		Ipswich	133384	53.1	0.4	0.8	0.1	2.7	0.3	0.5	35	7.2
E07000203		Mid Suffolk	96731	63.8	0.2	0.1	0.1	0.2	0	0.3	27.6	7.8
E07000204		St Edmundsbury	111008	62.3	0.3	0.2	0.1	0.5	0.1	0.3	28.9	7.3
E07000205		Suffolk Coastal	124298	63.1	0.3	0.4	0.1	0.4	0.1	0.4	27.6	7.6
E07000206		Waveney	115254	60.7	0.3	0.1	0.1	0.3	0	0.4	30.6	7.4
E07000207		Elmbridge	130875	64.2	0.5	1.2	0.6	1.8	0.4	0.3	23.4	7.5
E07000208		Epsom and Ewell	75102	61.5	0.6	2.5	0.3	3	0.2	0.4	24.3	7.1
E07000209		Guildford	137183	60.2	0.6	0.9	0.2	2	0.2	0.3	27.8	7.7
E07000210		Mole Valley	85375	64.3	0.4	0.7	0.2	0.8	0.1	0.4	25.2	7.9
E07000211		Reigate and Banstead	137835	61.9	0.4	1.4	0.2	1.9	0.1	0.3	26.3	7.4
E07000212		Runnymede	80510	63.4	0.6	1.5	0.3	1.9	0.7	0.4	24	7.2
E07000213		Spelthorne	95598	63.8	0.4	2.4	0.2	1.9	1.4	0.4	22.5	7
E07000214		Surrey Heath	86144	63.4	0.9	1.6	0.2	1.9	0.6	0.4	23.9	7.2
E07000215		Tandridge	82998	64.9	0.4	0.7	0.2	0.7	0.1	0.3	25.3	7.5
E07000216		Waverley	121572	65.2	0.4	0.3	0.2	0.6	0.1	0.4	25.3	7.6
E07000217		Woking	99198	58.8	0.7	2	0.2	7.4	0.2	0.3	23.1	7.3
E07000218		North Warwickshire	62014	70.3	0.1	0.2	0	0.2	0.4	0.4	21.9	6.4
E07000219		Nuneaton and Bedworth	125252	63.6	0.3	1.1	0	2.3	2.2	0.4	24	6.1
E07000220		Rugby	100075	63.7	0.4	2.3	0.1	1.2	0.8	0.4	24.3	6.8
E07000221		Stratford-on-Avon	120485	70.3	0.3	0.2	0.1	0.2	0.2	0.3	21.2	7.1
E07000222		Warwick	137648	58.3	0.4	1.2	0.2	0.9	3.9	0.4	27.5	7.2
E07000223		Adur	61182	58.6	0.3	0.2	0.4	1	0	0.6	31.3	7.6
E07000224		Arun	149518	65.3	0.3	0.2	0.2	0.5	0	0.5	25.3	7.7
E07000225		Chichester	113794	66.1	0.4	0.2	0.1	0.4	0	0.5	24.6	7.6
E07000226		Crawley	106597	54.2	0.4	4.6	0.1	7.2	0.7	0.4	26	6.4
E07000227		Horsham	131301	63.5	0.3	0.3	0.2	0.5	0.1	0.4	26.9	7.9
E07000228		Mid Sussex	139860	62.7	0.4	0.6	0.2	0.8	0.1	0.7	26.6	7.9
E07000229		Worthing	104640	58.1	0.6	0.5	0.2	1.3	0.1	0.6	30.2	8.3
E07000234		Bromsgrove	93637	68.9	0.2	0.3	0.1	0.5	0.7	0.3	22	6.9
E07000235		Malvern Hills	74631	67.5	0.3	0.1	0.1	0.3	0.1	0.5	23.9	7.3
E07000236		Redditch	84214	63.5	0.2	0.2	0.1	3.4	0.3	0.3	25.8	6.3
E07000237		Worcester	98768	63.7	0.3	0.3	0	2.9	0.1	0.3	25.7	6.6
E07000238		Wychavon	116944	71.6	0.2	0.1	0.1	0.3	0.2	0.4	20.2	6.9
E07000239		Wyre Forest	97975	68.7	0.2	0.1	0	0.7	0.1	0.3	23.1	6.7
E08000001		Bolton	276786	62.7	0.2	2.2	0.1	11.7	0	0.3	17.2	5.7
E08000002		Bury	185060	62.7	0.2	0.4	5.6	6.1	0.2	0.2	18.6	6
E08000003		Manchester	503127	48.7	0.8	1.1	0.5	15.8	0.5	0.4	25.3	6.9
E08000004		Oldham 	224897	59.7	0.2	0.5	0	17.7	0	0.2	16.1	5.6
E08000005		Rochdale	211699	60.6	0.2	0.3	0.1	13.9	0	0.2	18.9	5.8
E08000006		Salford	233933	64.2	0.4	0.6	3.3	2.6	0.1	0.3	22.3	6.2
E08000007		Stockport	283275	63.2	0.3	0.6	0.5	3.3	0.1	0.3	25.1	6.5
E08000008		Tameside	219324	64	0.2	1.5	0	4.4	0	0.3	23.6	5.9
E08000009		Trafford	226578	63.4	0.3	1	1.1	5.7	0.7	0.2	21.2	6.3
E08000010		Wigan	317849	77.8	0.2	0.2	0	0.7	0	0.2	15.3	5.5
E08000011		Knowsley 	145893	80.9	0.1	0.2	0	0.3	0	0.1	12.6	5.7
E08000012		Liverpool	466415	71	0.4	0.5	0.5	3.3	0.1	0.2	17.7	6.2
E08000013		St. Helens	175308	78.8	0.2	0.2	0	0.3	0	0.2	14.6	5.5
E08000014		Sefton	273790	76.8	0.2	0.2	0.2	0.4	0	0.2	15.8	6.2
E08000015		Wirral	319783	70.4	0.3	0.2	0.1	0.6	0.1	0.3	21.3	6.8
E08000016		Barnsley	231221	68.5	0.1	0.1	0	0.4	0.1	0.3	24	6.5
E08000017		Doncaster	302402	65.9	0.2	0.3	0	1.7	0.4	0.3	24.4	6.9
E08000018		Rotherham 	257280	66.5	0.2	0.2	0	3.7	0.1	0.2	22.5	6.6
E08000019		Sheffield	552698	52.5	0.4	0.6	0.1	7.7	0.2	0.4	31.2	6.8
E08000020		Gateshead	200214	67	0.2	0.2	1.5	1	0.2	0.3	23.9	5.7
E08000021		Newcastle upon Tyne	280177	56.4	0.6	1.1	0.2	6.3	0.4	0.3	28.3	6.3
E08000022		North Tyneside	200801	63.8	0.2	0.3	0	0.7	0.2	0.3	28.1	6.4
E08000023		South Tyneside	148127	70.3	0.2	0.2	0	1.9	0.3	0.2	21.1	5.8
E08000024		Sunderland	275506	70.3	0.2	0.2	0	1.3	0.3	0.2	21.9	5.6
E08000025		Birmingham	1073045	46.1	0.4	2.1	0.2	21.8	3	0.5	19.3	6.5
E08000026		Coventry	316960	53.7	0.3	3.5	0.1	7.5	5	0.5	23	6.4
E08000027		Dudley 	312925	65.3	0.2	0.6	0	4.1	1.2	0.3	22	6.2
E08000028		Sandwell 	308063	55.2	0.2	2.2	0	8.2	8.7	0.6	18.7	6.1
E08000029		Solihull	206674	65.6	0.2	1.8	0.2	2.5	1.7	0.3	21.4	6.4
E08000030		Walsall	269323	59	0.2	1.7	0	8.2	4.3	0.5	20	6
E08000031		Wolverhampton	249470	55.5	0.4	3.7	0	3.6	9.1	1.2	20	6.4
E08000032		Bradford	522452	45.9	0.2	0.9	0.1	24.7	1	0.3	20.7	6.2
E08000033		Calderdale	203826	56.3	0.3	0.3	0.1	7.3	0.2	0.4	28.1	7.2
E08000034		Kirklees 	422458	53.4	0.2	0.4	0	14.5	0.8	0.3	23.9	6.5
E08000035		Leeds	751485	55.9	0.4	0.9	0.9	5.4	1.2	0.3	28.2	6.7
E08000036		Wakefield	325837	66.4	0.2	0.3	0	2	0.1	0.3	24.4	6.4
E09000001		City of London	7375	45.3	1.2	2	2.3	5.5	0.2	0.4	34.2	8.8
E09000002		Barking and Dagenham	185911	56	0.5	2.4	0.2	13.7	1.6	0.3	18.9	6.4
E09000003		Barnet	356386	41.2	1.3	6.2	15.2	10.3	0.4	1.1	16.1	8.4
E09000004		Bexley	231997	62.1	0.6	1.5	0.1	2.4	1.8	0.3	24.1	7
E09000005		Brent	311215	41.5	1.4	17.8	1.4	18.6	0.5	1.2	10.6	6.9
E09000006		Bromley	309392	60.7	0.5	1.6	0.3	2.5	0.2	0.4	26	7.8
E09000007		Camden	220338	34	1.3	1.4	4.5	12.1	0.2	0.6	25.5	20.5
E09000008		Croydon	363378	56.4	0.7	6	0.2	8.1	0.4	0.6	20	7.6
E09000009		Ealing	338449	43.7	1.2	8.5	0.3	15.7	7.9	0.6	15	6.9
E09000010		Enfield	312466	53.6	0.6	3.5	1.4	16.7	0.3	0.6	15.5	7.7
E09000011		Greenwich	254557	52.9	1.7	3.6	0.2	6.8	1.4	0.4	25.5	7.6
E09000012		Hackney	246270	38.6	1.2	0.6	6.3	14.1	0.8	0.5	28.2	9.6
E09000013		Hammersmith and Fulham	182493	54.1	1.1	1.1	0.6	10	0.2	0.5	23.8	8.4
E09000014		Haringey	254926	45	1.1	1.8	3	14.2	0.3	0.5	25.2	8.9
E09000015		Harrow	239056	37.3	1.1	25.3	4.4	12.5	1.2	2.5	9.6	6.2
E09000016		Havering	237232	65.6	0.3	1.2	0.5	2	0.8	0.3	22.6	6.7
E09000017		Hillingdon	273936	49.2	0.9	8	0.6	10.6	6.7	0.6	17	6.4
E09000018		Hounslow	253957	42	1.4	10.3	0.3	14	9	0.6	15.9	6.5
E09000019		Islington	206125	40.2	1	1	0.9	9.5	0.3	0.5	30	16.6
E09000020		Kensington and Chelsea	158649	54.2	1.5	0.9	2.1	10	0.2	0.5	20.6	10.1
E09000021		Kingston upon Thames	160060	52.9	1.1	4.7	0.5	5.9	0.8	0.5	25.7	7.9
E09000022		Lambeth	303086	53.1	1	1	0.4	7.1	0.1	0.6	28	8.7
E09000023		Lewisham	275885	52.8	1.3	2.4	0.2	6.4	0.2	0.5	27.2	8.9
E09000024		Merton	199693	56.1	0.9	6.1	0.4	8.1	0.2	0.4	20.6	7
E09000025		Newham	307984	40	0.8	8.8	0.1	32	2.1	0.4	9.5	6.4
E09000026		Redbridge	278970	36.8	0.7	11.4	3.7	23.3	6.2	0.5	11	6.5
E09000027		Richmond upon Thames	186990	55.3	0.8	1.6	0.8	3.3	0.8	0.5	28.4	8.5
E09000028		Southwark	288283	52.5	1.3	1.3	0.3	8.5	0.2	0.5	26.7	8.5
E09000029		Sutton	190146	58.4	0.7	4.2	0.3	4.1	0.2	0.4	24.6	7.1
E09000030		Tower Hamlets	254096	27.1	1.1	1.7	0.5	34.5	0.3	0.3	19.1	15.4
E09000031		Waltham Forest	258249	48.4	0.8	2.3	0.5	21.9	0.5	0.4	18	7.3
E09000032		Wandsworth	306995	53	0.8	2.1	0.5	8.1	0.3	0.4	27	7.9
E09000033		Westminster	219396	44.6	1.5	1.9	3.3	18.3	0.2	0.6	20.3	9.4
E10000002	Buckinghamshire 		505283	60.5	0.4	1.2	0.3	5.1	0.9	0.4	24	7.1
E10000003	Cambridgeshire 		621210	58.2	0.5	0.7	0.3	1.4	0.1	0.4	30.4	7.9
E10000006	Cumbria 		499858	71.9	0.3	0.1	0	0.3	0	0.3	20.3	6.9
E10000007	Derbyshire 		769686	63.6	0.2	0.2	0	0.3	0.3	0.4	28	7
E10000008	Devon 		746399	61.5	0.4	0.1	0.1	0.4	0	0.6	28.5	8.4
E10000009	Dorset 		412905	65.3	0.3	0.1	0.1	0.3	0	0.5	25.2	8
E10000011	East Sussex 		526671	59.9	0.4	0.3	0.2	0.8	0	0.7	29.6	8.1
E10000012	Essex 		1393587	61.8	0.3	0.6	0.5	1	0.2	0.4	28.1	7.2
E10000013	Gloucestershire 		596984	63.5	0.3	0.4	0.1	1	0.1	0.5	26.7	7.5
E10000014	Hampshire 		1317788	62.4	0.5	0.7	0.1	0.6	0.2	0.4	27.9	7.2
E10000015	Hertfordshire		1116062	58.3	0.5	1.9	1.9	2.8	0.5	0.5	26.5	7.2
E10000016	Kent 		1463740	62.5	0.5	0.7	0.1	1	0.7	0.4	26.8	7.3
E10000017	Lancashire 		1171339	68.8	0.2	0.5	0.1	4.8	0.1	0.3	19.2	6.1
E10000018	Leicestershire 		650489	60.3	0.2	2.8	0.1	1.4	1.2	0.4	27.1	6.5
E10000019	Lincolnshire		713653	68.5	0.2	0.2	0.1	0.4	0.1	0.4	23.1	7.1
E10000020	Norfolk		857888	61	0.3	0.3	0.1	0.6	0.1	0.5	29.6	7.6
E10000021	Northamptonshire		691952	59.9	0.3	1.2	0.1	1.7	0.4	0.4	29.2	6.7
E10000023	North Yorkshire 		598376	69.4	0.3	0.2	0.1	0.4	0	0.3	22.2	7.1
E10000024	Nottinghamshire 		785802	61.3	0.2	0.4	0.1	0.9	0.4	0.3	29.3	7
E10000025	Oxfordshire		653798	60.2	0.5	0.6	0.3	2.4	0.2	0.4	27.9	7.5
E10000027	Somerset		529972	64	0.3	0.1	0.1	0.3	0	0.6	26.6	8
E10000028	Staffordshire 		848489	68.2	0.2	0.3	0	1.3	0.4	0.3	22.8	6.4
E10000029	Suffolk		728163	60.9	0.3	0.3	0.1	0.8	0.1	0.4	29.7	7.4
E10000030	Surrey		1132390	62.8	0.5	1.3	0.3	2.2	0.3	0.4	24.8	7.4
E10000031	Warwickshire		545474	64.5	0.3	1	0.1	1.1	1.7	0.4	24.1	6.8
E10000032	West Sussex		806892	61.8	0.4	0.9	0.2	1.6	0.1	0.5	26.9	7.7
E10000034	Worcestershire 		566169	67.5	0.2	0.2	0.1	1.3	0.2	0.4	23.3	6.8
E11000001	Greater Manchester (Met County)		2682528	61.8	0.4	0.9	0.9	8.7	0.2	0.3	20.8	6.1
E11000002	Merseyside (Met County)		1381189	74	0.3	0.3	0.2	1.4	0.1	0.2	17.2	6.2
E11000003	South Yorkshire (Met County)		1343601	61	0.3	0.4	0.1	4.3	0.2	0.3	26.8	6.7
E11000004	Tyne and Wear (Met County)		1104825	65	0.3	0.5	0.4	2.5	0.3	0.2	24.9	6
E11000005	West Midlands (Met County)		2736460	53.8	0.3	2.2	0.1	12.2	4.3	0.6	20.3	6.4
E11000006	West Yorkshire (Met County)		2226058	54.6	0.3	0.7	0.3	11.3	0.8	0.3	25.1	6.6
E12000002			7052177	67.3	0.3	0.5	0.4	5.1	0.1	0.3	19.8	6.2
E12000003			5283733	59.5	0.3	0.5	0.2	6.2	0.4	0.3	25.9	6.8
E12000004			4533222	58.8	0.3	2	0.1	3.1	1	0.4	27.5	6.8
E12000005			5601847	60.2	0.3	1.3	0.1	6.7	2.4	0.5	22	6.6
E12000006			5846965	59.7	0.4	0.9	0.6	2.5	0.3	0.4	27.9	7.3
E12000007			8173941	48.4	1	5	1.8	12.4	1.5	0.6	20.7	8.5
E12000008			8634750	59.8	0.5	1.1	0.2	2.3	0.6	0.5	27.7	7.4
E12000009			5288935	60.4	0.4	0.3	0.1	1	0.1	0.6	29.3	7.9
E13000001	Inner London		3231901	45.4	1.1	2.2	1.6	14.4	0.5	0.5	23.9	10.4
E13000002	Outer London		4942040	50.4	0.9	6.9	1.9	11.1	2.3	0.7	18.6	7.2
W06000001		Isle of Anglesey	69751	65.1	0.2	0.1	0.1	0.4	0.1	0.4	25.5	8.2
W06000002		Gwynedd	121874	59.5	0.3	0.2	0	1.1	0	0.5	29.7	8.6
W06000003		Conwy	115228	64.7	0.3	0.2	0.1	0.5	0	0.4	26.1	7.8
W06000004		Denbighshire	93734	64.1	0.3	0.2	0	0.5	0	0.4	26.8	7.7
W06000005		Flintshire	152506	66.4	0.2	0.1	0	0.3	0	0.2	25.4	7.2
W06000006		Wrexham	134844	63.5	0.3	0.4	0	0.6	0.1	0.2	27.4	7.5
W06000008		Ceredigion	75922	57.9	0.5	0.3	0.1	0.7	0	1	30.7	8.8
W06000009		Pembrokeshire	122439	63	0.3	0.2	0	0.3	0	0.5	27.3	8.2
W06000010		Carmarthenshire	183777	61.8	0.2	0.2	0	0.3	0.1	0.5	28.9	8
W06000011		Swansea	239023	55	0.4	0.3	0.1	2.3	0.1	0.4	34	7.5
W06000012		Neath Port Talbot	139812	57.7	0.2	0.1	0	0.4	0.1	0.4	33.8	7.3
W06000013		Bridgend 	139178	55.1	0.3	0.2	0	0.4	0	0.4	36.7	7
W06000014		The Vale of Glamorgan	126336	58.1	0.3	0.2	0.1	0.6	0.1	0.4	32.9	7.4
W06000015		Cardiff	346090	51.4	0.5	1.4	0.2	6.8	0.4	0.4	31.8	7.2
W06000016		Rhondda Cynon Taf	234410	50.5	0.2	0.2	0	0.5	0.1	0.4	40.8	7.4
W06000018		Caerphilly	178806	50.7	0.2	0.1	0	0.2	0.1	0.4	40.9	7.5
W06000019		Blaenau Gwent	69814	49.9	0.2	0.1	0	0.3	0.1	0.4	41.1	8.1
W06000020		Torfaen	91075	55.4	0.2	0.3	0	0.3	0.1	0.3	35.8	7.6
W06000021		Monmouthshire	91323	62.5	0.3	0.2	0.1	0.3	0.1	0.4	28.5	7.7
W06000022		Newport	145736	56.9	0.2	0.5	0.1	4.7	0.1	0.3	29.7	7.5
W06000023		Powys	132976	61.8	0.4	0.2	0.1	0.2	0	0.6	27.9	8.8
W06000024		Merthyr Tydfil	58802	56	0.2	0.1	0	0.3	0.1	0.4	35.8	7
W92000004			3063456	57.6	0.3	0.3	0.1	1.5	0.1	0.4	32.1	7.6
